"rt","responses","trial_type","time_elapsed","sequence","stimulus","graphorder","button_pressed","response","key_press","stimulus_left","stimulus_right","accuracy","cumulative_accuracy","stimulus_down_left","stimulus_down_mid","stimulus_down_right","stimulus_correct","stimulus_short","stimulus_far","weighted_accuracy","condition","specific_pairs","imgL_ID","imgR_ID","linedress","linedressed","linedressed_detor","detour_trial","problems","smooth","distraction","strategies","easier","similar","comments"
"158085.3","{""worker_id"":""5116""}","id_enter","158087","blocked","id_enter","GW/globe.jpg; GW/soldier.jpg; GW/snail.jpg; GW/camera.jpg; GW/wheelchair.jpg; GW/paint.jpg; GW/barrel.jpg; GW/basket.jpg; GW/dustpan.jpg; GW/jukebox.jpg; GW/teeth.jpg; GW/gong.jpg; GW/hat.jpg","","","","","","","","","","","","","","","","","","","","","","","","","","","","",""
"32307.5","","fullscreen","190398","","fullscreen","","0","","","","","","","","","","","","","","","","","","","","","","","","","","","",""
"16984.800000000047","","intro_1","207385","","instruct","","0","","","","","","","","","","","","","","","","","","","","","","","","","","","",""
"17245.199999999953","","intro_2","224633","","instruct","","1","Next","","","","","","","","","","","","","","","","","","","","","","","","","","",""
"42811.09999999998","","intro_3","267447","","instruct","","1","Next","","","","","","","","","","","","","","","","","","","","","","","","","","",""
"null","","learn_prac_1","270451","","lean_prac_1","","","","null","","","","","","","","","","","","","","","","","","","","","","","","","",""
"null","","html-keyboard-response","271456","","<p></p>","","","","null","","","","","","","","","","","","","","","","","","","","","","","","","",""
"3416.20000000007","","intro_1","274874","","instruct","","0","","","","","","","","","","","","","","","","","","","","","","","","","","","",""
"4412.900000000023","","intro_2","279289","","instruct","","1","Next","","","","","","","","","","","","","","","","","","","","","","","","","","",""
"null","","learn_prac_2","282294","","lean_prac_2","","","","null","","","","","","","","","","","","","","","","","","","","","","","","","",""
"null","","html-keyboard-response","283298","","<p></p>","","","","null","","","","","","","","","","","","","","","","","","","","","","","","","",""
"2624.9000000000233","","intro_1","285925","","instruct","","0","","","","","","","","","","","","","","","","","","","","","","","","","","","",""
"3588.1999999999534","","intro_2","289515","","instruct","","1","Next","","","","","","","","","","","","","","","","","","","","","","","","","","",""
"15001.5","","intro_3","304519","","instruct","","1","Next","","","","","","","","","","","","","","","","","","","","","","","","","","",""
"null","","prac_atten_color_black","305306","","black_plus_sign","","","","null","","","","","","","","","","","","","","","","","","","","","","","","","",""
"null","","prac_atten_color","305927","","prac_stop_color","","","","null","","","","","","","","","","","","","","","","","","","","","","","","","",""
"27.199999999953434","","prac_atten_color_black","307930","","black_plus_sign","","","","49","","","","","","","","","","","","","","","","","","","","","","","","","",""
"null","","prac_atten_color_black","308717","","black_plus_sign","","","","null","","","","","","","","","","","","","","","","","","","","","","","","","",""
"394.0999999999767","","prac_atten_color","309661","","prac_stop_color","","","","50","","","","","","","","","","","","","","","","","","","","","","","","","",""
"null","","prac_atten_color_black","311665","","black_plus_sign","","","","null","","","","","","","","","","","","","","","","","","","","","","","","","",""
"null","","prac_atten_color_black","312128","","black_plus_sign","","","","null","","","","","","","","","","","","","","","","","","","","","","","","","",""
"415.5","","prac_atten_color","312703","","prac_stop_color","","","","49","","","","","","","","","","","","","","","","","","","","","","","","","",""
"101.19999999995343","","prac_atten_color_black","314706","","black_plus_sign","","","","50","","","","","","","","","","","","","","","","","","","","","","","","","",""
"null","","prac_atten_color_black","315538","","black_plus_sign","","","","null","","","","","","","","","","","","","","","","","","","","","","","","","",""
"null","","prac_atten_color","315944","","prac_stop_color","","","","null","","","","","","","","","","","","","","","","","","","","","","","","","",""
"38.300000000046566","","prac_atten_color_black","317948","","black_plus_sign","","","","49","","","","","","","","","","","","","","","","","","","","","","","","","",""
"null","","prac_atten_color_black","318949","","black_plus_sign","","","","null","","","","","","","","","","","","","","","","","","","","","","","","","",""
"null","","prac_atten_color","319364","","prac_stop_color","","","","null","","","","","","","","","","","","","","","","","","","","","","","","","",""
"8.5","","prac_atten_color_black","321367","","black_plus_sign","","","","50","","","","","","","","","","","","","","","","","","","","","","","","","",""
"null","","prac_atten_color_black","322359","","black_plus_sign","","","","null","","","","","","","","","","","","","","","","","","","","","","","","","",""
"349.30000000004657","","prac_atten_color","323185","","prac_stop_color","","","","50","","","","","","","","","","","","","","","","","","","","","","","","","",""
"null","","prac_atten_color_black","325188","","black_plus_sign","","","","null","","","","","","","","","","","","","","","","","","","","","","","","","",""
"null","","prac_atten_color_black","325769","","black_plus_sign","","","","null","","","","","","","","","","","","","","","","","","","","","","","","","",""
"472.4000000000233","","prac_atten_color","326286","","prac_stop_color","","","","49","","","","","","","","","","","","","","","","","","","","","","","","","",""
"null","","prac_atten_color_black","328289","","black_plus_sign","","","","null","","","","","","","","","","","","","","","","","","","","","","","","","",""
"null","","prac_atten_color_black","329179","","black_plus_sign","","","","null","","","","","","","","","","","","","","","","","","","","","","","","","",""
"438.79999999993015","","prac_atten_color","330259","","prac_stop_color","","","","50","","","","","","","","","","","","","","","","","","","","","","","","","",""
"null","","prac_atten_color_black","332262","","black_plus_sign","","","","null","","","","","","","","","","","","","","","","","","","","","","","","","",""
"null","","prac_atten_color_black","332590","","black_plus_sign","","","","null","","","","","","","","","","","","","","","","","","","","","","","","","",""
"null","","prac_atten_color","333054","","prac_stop_color","","","","null","","","","","","","","","","","","","","","","","","","","","","","","","",""
"34.300000000046566","","prac_atten_color_black","335058","","black_plus_sign","","","","49","","","","","","","","","","","","","","","","","","","","","","","","","",""
"null","","prac_atten_color_black","335999","","black_plus_sign","","","","null","","","","","","","","","","","","","","","","","","","","","","","","","",""
"399.9000000000233","","prac_atten_color","336547","","prac_stop_color","","","","49","","","","","","","","","","","","","","","","","","","","","","","","","",""
"null","","prac_atten_color_black","338550","","black_plus_sign","","","","null","","","","","","","","","","","","","","","","","","","","","","","","","",""
"3892.20000000007","","attentioncheck_feedback","342445","","cross_check_feedback","","0","","","","","","","","","","","","","","","","","","","","","","","","","","","",""
"15678","","last_instruct","358125","","instruct","","","","32","","","","","","","","","","","","","","","","","","","","","","","","","",""
"null","","learn_phase(without_color)","361128","","black_plus_sign","","","","null","GW/teeth.jpg","GW/dustpan.jpg","","","","","","","","","","","","","","","","","","","","","","","",""
"null","","black_cross(without_color)","361633","","blue","","","","null","GW/teeth.jpg","GW/dustpan.jpg","","","","","","","","","","","","","","","","","","","","","","","",""
"null","","rt_plussign_withcolor","362136","","blue","","","","null","GW/teeth.jpg","GW/dustpan.jpg","","","","","","","","","","","","","","","","","","","","","","","",""
"609","","rt_thecrossant_black","363638","","black_plus_sign","","","","49","","","1","1","","","","","","","","","","","","","","","","","","","","","",""
"null","","color_black","363743","","black_plus_sign","","","","null","","","","","","","","","","","","","","","","","","","","","","","","","",""
"null","","learn_phase(without_color)","366748","","black_plus_sign","","","","null","GW/barrel.jpg","GW/hat.jpg","","","","","","","","","","","","","","","","","","","","","","","",""
"null","","black_cross(without_color)","367757","","green","","","","null","GW/barrel.jpg","GW/hat.jpg","","","","","","","","","","","","","","","","","","","","","","","",""
"null","","rt_plussign_withcolor","368260","","green","","","","null","GW/barrel.jpg","GW/hat.jpg","","","","","","","","","","","","","","","","","","","","","","","",""
"1182.5","","rt_thecrossant_black","369258","","black_plus_sign","","","","50","","","1","1","","","","","","","","","","","","","","","","","","","","","",""
"null","","color_black","369361","","black_plus_sign","","","","null","","","","","","","","","","","","","","","","","","","","","","","","","",""
"null","","learn_phase(without_color)","372365","","black_plus_sign","","","","null","GW/soldier.jpg","GW/globe.jpg","","","","","","","","","","","","","","","","","","","","","","","",""
"null","","black_cross(without_color)","373179","","green","","","","null","GW/soldier.jpg","GW/globe.jpg","","","","","","","","","","","","","","","","","","","","","","","",""
"455.39999999990687","","rt_plussign_withcolor","373681","","green","","","","50","GW/soldier.jpg","GW/globe.jpg","","","","","","","","","","","","","","","","","","","","","","","",""
"null","","rt_thecrossant_black","374875","","black_plus_sign","","","","null","","","1","1","","","","","","","","","","","","","","","","","","","","","",""
"null","","color_black","374978","","black_plus_sign","","","","null","","","","","","","","","","","","","","","","","","","","","","","","","",""
"null","","learn_phase(without_color)","377981","","black_plus_sign","","","","null","GW/barrel.jpg","GW/hat.jpg","","","","","","","","","","","","","","","","","","","","","","","",""
"null","","black_cross(without_color)","378386","","green","","","","null","GW/barrel.jpg","GW/hat.jpg","","","","","","","","","","","","","","","","","","","","","","","",""
"422.39999999990687","","rt_plussign_withcolor","378888","","green","","","","50","GW/barrel.jpg","GW/hat.jpg","","","","","","","","","","","","","","","","","","","","","","","",""
"null","","rt_thecrossant_black","380490","","black_plus_sign","","","","null","","","1","1","","","","","","","","","","","","","","","","","","","","","",""
"null","","color_black","380594","","black_plus_sign","","","","null","","","","","","","","","","","","","","","","","","","","","","","","","",""
"null","","learn_phase(without_color)","383599","","black_plus_sign","","","","null","GW/globe.jpg","GW/soldier.jpg","","","","","","","","","","","","","","","","","","","","","","","",""
"null","","black_cross(without_color)","384341","","green","","","","null","GW/globe.jpg","GW/soldier.jpg","","","","","","","","","","","","","","","","","","","","","","","",""
"474.9000000000233","","rt_plussign_withcolor","384845","","green","","","","50","GW/globe.jpg","GW/soldier.jpg","","","","","","","","","","","","","","","","","","","","","","","",""
"null","","rt_thecrossant_black","386110","","black_plus_sign","","","","null","","","1","1","","","","","","","","","","","","","","","","","","","","","",""
"null","","color_black","386213","","black_plus_sign","","","","null","","","","","","","","","","","","","","","","","","","","","","","","","",""
"null","","learn_phase(without_color)","389217","","black_plus_sign","","","","null","GW/hat.jpg","GW/barrel.jpg","","","","","","","","","","","","","","","","","","","","","","","",""
"null","","black_cross(without_color)","390283","","blue","","","","null","GW/hat.jpg","GW/barrel.jpg","","","","","","","","","","","","","","","","","","","","","","","",""
"491.5","","rt_plussign_withcolor","390786","","blue","","","","49","GW/hat.jpg","GW/barrel.jpg","","","","","","","","","","","","","","","","","","","","","","","",""
"null","","rt_thecrossant_black","391726","","black_plus_sign","","","","null","","","1","1","","","","","","","","","","","","","","","","","","","","","",""
"null","","color_black","391829","","black_plus_sign","","","","null","","","","","","","","","","","","","","","","","","","","","","","","","",""
"null","","learn_phase(without_color)","394833","","black_plus_sign","","","","null","GW/globe.jpg","GW/soldier.jpg","","","","","","","","","","","","","","","","","","","","","","","",""
"null","","black_cross(without_color)","395239","","green","","","","null","GW/globe.jpg","GW/soldier.jpg","","","","","","","","","","","","","","","","","","","","","","","",""
"null","","rt_plussign_withcolor","395742","","green","","","","null","GW/globe.jpg","GW/soldier.jpg","","","","","","","","","","","","","","","","","","","","","","","",""
"1261.3000000000466","","rt_thecrossant_black","397343","","black_plus_sign","","","","50","","","1","1","","","","","","","","","","","","","","","","","","","","","",""
"null","","color_black","397446","","black_plus_sign","","","","null","","","","","","","","","","","","","","","","","","","","","","","","","",""
"null","","learn_phase(without_color)","400450","","black_plus_sign","","","","null","GW/camera.jpg","GW/wheelchair.jpg","","","","","","","","","","","","","","","","","","","","","","","",""
"null","","black_cross(without_color)","401417","","blue","","","","null","GW/camera.jpg","GW/wheelchair.jpg","","","","","","","","","","","","","","","","","","","","","","","",""
"450.5","","rt_plussign_withcolor","401920","","blue","","","","49","GW/camera.jpg","GW/wheelchair.jpg","","","","","","","","","","","","","","","","","","","","","","","",""
"null","","rt_thecrossant_black","402961","","black_plus_sign","","","","null","","","1","1","","","","","","","","","","","","","","","","","","","","","",""
"null","","color_black","403065","","black_plus_sign","","","","null","","","","","","","","","","","","","","","","","","","","","","","","","",""
"null","","learn_phase(without_color)","406068","","black_plus_sign","","","","null","GW/barrel.jpg","GW/hat.jpg","","","","","","","","","","","","","","","","","","","","","","","",""
"null","","black_cross(without_color)","406957","","green","","","","null","GW/barrel.jpg","GW/hat.jpg","","","","","","","","","","","","","","","","","","","","","","","",""
"498.5","","rt_plussign_withcolor","407459","","green","","","","50","GW/barrel.jpg","GW/hat.jpg","","","","","","","","","","","","","","","","","","","","","","","",""
"null","","rt_thecrossant_black","408577","","black_plus_sign","","","","null","","","1","1","","","","","","","","","","","","","","","","","","","","","",""
"null","","color_black","408681","","black_plus_sign","","","","null","","","","","","","","","","","","","","","","","","","","","","","","","",""
"null","","learn_phase(without_color)","411686","","black_plus_sign","","","","null","GW/globe.jpg","GW/soldier.jpg","","","","","","","","","","","","","","","","","","","","","","","",""
"null","","black_cross(without_color)","412506","","green","","","","null","GW/globe.jpg","GW/soldier.jpg","","","","","","","","","","","","","","","","","","","","","","","",""
"null","","rt_plussign_withcolor","413009","","green","","","","null","GW/globe.jpg","GW/soldier.jpg","","","","","","","","","","","","","","","","","","","","","","","",""
"985.2000000000698","","rt_thecrossant_black","414195","","black_plus_sign","","","","50","","","1","1","","","","","","","","","","","","","","","","","","","","","",""
"null","","color_black","414298","","black_plus_sign","","","","null","","","","","","","","","","","","","","","","","","","","","","","","","",""
"null","","learn_phase(without_color)","417302","","black_plus_sign","","","","null","GW/camera.jpg","GW/wheelchair.jpg","","","","","","","","","","","","","","","","","","","","","","","",""
"null","","black_cross(without_color)","418128","","green","","","","null","GW/camera.jpg","GW/wheelchair.jpg","","","","","","","","","","","","","","","","","","","","","","","",""
"472","","rt_plussign_withcolor","418630","","green","","","","50","GW/camera.jpg","GW/wheelchair.jpg","","","","","","","","","","","","","","","","","","","","","","","",""
"null","","rt_thecrossant_black","419812","","black_plus_sign","","","","null","","","1","1","","","","","","","","","","","","","","","","","","","","","",""
"null","","color_black","419916","","black_plus_sign","","","","null","","","","","","","","","","","","","","","","","","","","","","","","","",""
"null","","learn_phase(without_color)","422920","","black_plus_sign","","","","null","GW/dustpan.jpg","GW/teeth.jpg","","","","","","","","","","","","","","","","","","","","","","","",""
"null","","black_cross(without_color)","423771","","blue","","","","null","GW/dustpan.jpg","GW/teeth.jpg","","","","","","","","","","","","","","","","","","","","","","","",""
"430.89999999990687","","rt_plussign_withcolor","424273","","blue","","","","49","GW/dustpan.jpg","GW/teeth.jpg","","","","","","","","","","","","","","","","","","","","","","","",""
"null","","rt_thecrossant_black","425429","","black_plus_sign","","","","null","","","1","1","","","","","","","","","","","","","","","","","","","","","",""
"null","","color_black","425532","","black_plus_sign","","","","null","","","","","","","","","","","","","","","","","","","","","","","","","",""
"null","","learn_phase(without_color)","428536","","black_plus_sign","","","","null","GW/camera.jpg","GW/wheelchair.jpg","","","","","","","","","","","","","","","","","","","","","","","",""
"null","","black_cross(without_color)","429466","","green","","","","null","GW/camera.jpg","GW/wheelchair.jpg","","","","","","","","","","","","","","","","","","","","","","","",""
"null","","rt_plussign_withcolor","429969","","green","","","","null","GW/camera.jpg","GW/wheelchair.jpg","","","","","","","","","","","","","","","","","","","","","","","",""
"957.5","","rt_thecrossant_black","431046","","black_plus_sign","","","","50","","","1","1","","","","","","","","","","","","","","","","","","","","","",""
"null","","color_black","431150","","black_plus_sign","","","","null","","","","","","","","","","","","","","","","","","","","","","","","","",""
"null","","learn_phase(without_color)","434154","","black_plus_sign","","","","null","GW/soldier.jpg","GW/globe.jpg","","","","","","","","","","","","","","","","","","","","","","","",""
"null","","black_cross(without_color)","434911","","blue","","","","null","GW/soldier.jpg","GW/globe.jpg","","","","","","","","","","","","","","","","","","","","","","","",""
"424.30000000004657","","rt_plussign_withcolor","435414","","blue","","","","49","GW/soldier.jpg","GW/globe.jpg","","","","","","","","","","","","","","","","","","","","","","","",""
"null","","rt_thecrossant_black","436664","","black_plus_sign","","","","null","","","1","1","","","","","","","","","","","","","","","","","","","","","",""
"null","","color_black","436767","","black_plus_sign","","","","null","","","","","","","","","","","","","","","","","","","","","","","","","",""
"null","","learn_phase(without_color)","439771","","black_plus_sign","","","","null","GW/dustpan.jpg","GW/teeth.jpg","","","","","","","","","","","","","","","","","","","","","","","",""
"null","","black_cross(without_color)","440217","","blue","","","","null","GW/dustpan.jpg","GW/teeth.jpg","","","","","","","","","","","","","","","","","","","","","","","",""
"480.80000000004657","","rt_plussign_withcolor","440720","","blue","","","","49","GW/dustpan.jpg","GW/teeth.jpg","","","","","","","","","","","","","","","","","","","","","","","",""
"null","","rt_thecrossant_black","442281","","black_plus_sign","","","","null","","","1","1","","","","","","","","","","","","","","","","","","","","","",""
"null","","color_black","442384","","black_plus_sign","","","","null","","","","","","","","","","","","","","","","","","","","","","","","","",""
"null","","learn_phase(without_color)","445388","","black_plus_sign","","","","null","GW/camera.jpg","GW/wheelchair.jpg","","","","","","","","","","","","","","","","","","","","","","","",""
"null","","black_cross(without_color)","445848","","green","","","","null","GW/camera.jpg","GW/wheelchair.jpg","","","","","","","","","","","","","","","","","","","","","","","",""
"457.69999999995343","","rt_plussign_withcolor","446351","","green","","","","50","GW/camera.jpg","GW/wheelchair.jpg","","","","","","","","","","","","","","","","","","","","","","","",""
"null","","rt_thecrossant_black","447898","","black_plus_sign","","","","null","","","1","1","","","","","","","","","","","","","","","","","","","","","",""
"null","","color_black","448002","","black_plus_sign","","","","null","","","","","","","","","","","","","","","","","","","","","","","","","",""
"null","","learn_phase(without_color)","451006","","black_plus_sign","","","","null","GW/barrel.jpg","GW/hat.jpg","","","","","","","","","","","","","","","","","","","","","","","",""
"null","","black_cross(without_color)","452012","","blue","","","","null","GW/barrel.jpg","GW/hat.jpg","","","","","","","","","","","","","","","","","","","","","","","",""
"427.9000000000233","","rt_plussign_withcolor","452515","","blue","","","","49","GW/barrel.jpg","GW/hat.jpg","","","","","","","","","","","","","","","","","","","","","","","",""
"null","","rt_thecrossant_black","453515","","black_plus_sign","","","","null","","","1","1","","","","","","","","","","","","","","","","","","","","","",""
"null","","color_black","453618","","black_plus_sign","","","","null","","","","","","","","","","","","","","","","","","","","","","","","","",""
"null","","learn_phase(without_color)","456621","","black_plus_sign","","","","null","GW/wheelchair.jpg","GW/camera.jpg","","","","","","","","","","","","","","","","","","","","","","","",""
"null","","black_cross(without_color)","457440","","blue","","","","null","GW/wheelchair.jpg","GW/camera.jpg","","","","","","","","","","","","","","","","","","","","","","","",""
"null","","rt_plussign_withcolor","457943","","blue","","","","null","GW/wheelchair.jpg","GW/camera.jpg","","","","","","","","","","","","","","","","","","","","","","","",""
"1193.7999999999302","","rt_thecrossant_black","459131","","black_plus_sign","","","","49","","","1","1","","","","","","","","","","","","","","","","","","","","","",""
"null","","color_black","459235","","black_plus_sign","","","","null","","","","","","","","","","","","","","","","","","","","","","","","","",""
"null","","learn_phase(without_color)","462238","","black_plus_sign","","","","null","GW/barrel.jpg","GW/hat.jpg","","","","","","","","","","","","","","","","","","","","","","","",""
"null","","black_cross(without_color)","462784","","blue","","","","null","GW/barrel.jpg","GW/hat.jpg","","","","","","","","","","","","","","","","","","","","","","","",""
"480.80000000004657","","rt_plussign_withcolor","463287","","blue","","","","49","GW/barrel.jpg","GW/hat.jpg","","","","","","","","","","","","","","","","","","","","","","","",""
"null","","rt_thecrossant_black","464749","","black_plus_sign","","","","null","","","1","1","","","","","","","","","","","","","","","","","","","","","",""
"null","","color_black","464853","","black_plus_sign","","","","null","","","","","","","","","","","","","","","","","","","","","","","","","",""
"null","","learn_phase(without_color)","467857","","black_plus_sign","","","","null","GW/soldier.jpg","GW/globe.jpg","","","","","","","","","","","","","","","","","","","","","","","",""
"null","","black_cross(without_color)","468698","","blue","","","","null","GW/soldier.jpg","GW/globe.jpg","","","","","","","","","","","","","","","","","","","","","","","",""
"491.5999999999767","","rt_plussign_withcolor","469201","","blue","","","","49","GW/soldier.jpg","GW/globe.jpg","","","","","","","","","","","","","","","","","","","","","","","",""
"null","","rt_thecrossant_black","470368","","black_plus_sign","","","","null","","","1","1","","","","","","","","","","","","","","","","","","","","","",""
"null","","color_black","470471","","black_plus_sign","","","","null","","","","","","","","","","","","","","","","","","","","","","","","","",""
"null","","learn_phase(without_color)","473475","","black_plus_sign","","","","null","GW/hat.jpg","GW/barrel.jpg","","","","","","","","","","","","","","","","","","","","","","","",""
"null","","black_cross(without_color)","474424","","blue","","","","null","GW/hat.jpg","GW/barrel.jpg","","","","","","","","","","","","","","","","","","","","","","","",""
"427.0999999999767","","rt_plussign_withcolor","474928","","blue","","","","49","GW/hat.jpg","GW/barrel.jpg","","","","","","","","","","","","","","","","","","","","","","","",""
"null","","rt_thecrossant_black","475985","","black_plus_sign","","","","null","","","1","1","","","","","","","","","","","","","","","","","","","","","",""
"null","","color_black","476089","","black_plus_sign","","","","null","","","","","","","","","","","","","","","","","","","","","","","","","",""
"null","","learn_phase(without_color)","479092","","black_plus_sign","","","","null","GW/teeth.jpg","GW/dustpan.jpg","","","","","","","","","","","","","","","","","","","","","","","",""
"null","","black_cross(without_color)","480037","","blue","","","","null","GW/teeth.jpg","GW/dustpan.jpg","","","","","","","","","","","","","","","","","","","","","","","",""
"409.5","","rt_plussign_withcolor","480540","","blue","","","","49","GW/teeth.jpg","GW/dustpan.jpg","","","","","","","","","","","","","","","","","","","","","","","",""
"null","","rt_thecrossant_black","481603","","black_plus_sign","","","","null","","","1","1","","","","","","","","","","","","","","","","","","","","","",""
"null","","color_black","481706","","black_plus_sign","","","","null","","","","","","","","","","","","","","","","","","","","","","","","","",""
"null","","learn_phase(without_color)","484710","","black_plus_sign","","","","null","GW/wheelchair.jpg","GW/camera.jpg","","","","","","","","","","","","","","","","","","","","","","","",""
"null","","black_cross(without_color)","485163","","green","","","","null","GW/wheelchair.jpg","GW/camera.jpg","","","","","","","","","","","","","","","","","","","","","","","",""
"null","","rt_plussign_withcolor","485666","","green","","","","null","GW/wheelchair.jpg","GW/camera.jpg","","","","","","","","","","","","","","","","","","","","","","","",""
"1082.0999999999767","","rt_thecrossant_black","487220","","black_plus_sign","","","","50","","","1","1","","","","","","","","","","","","","","","","","","","","","",""
"null","","color_black","487324","","black_plus_sign","","","","null","","","","","","","","","","","","","","","","","","","","","","","","","",""
"null","","learn_phase(without_color)","490328","","black_plus_sign","","","","null","GW/dustpan.jpg","GW/teeth.jpg","","","","","","","","","","","","","","","","","","","","","","","",""
"null","","black_cross(without_color)","490956","","green","","","","null","GW/dustpan.jpg","GW/teeth.jpg","","","","","","","","","","","","","","","","","","","","","","","",""
"404.5999999999767","","rt_plussign_withcolor","491459","","green","","","","50","GW/dustpan.jpg","GW/teeth.jpg","","","","","","","","","","","","","","","","","","","","","","","",""
"null","","rt_thecrossant_black","492838","","black_plus_sign","","","","null","","","1","1","","","","","","","","","","","","","","","","","","","","","",""
"null","","color_black","492941","","black_plus_sign","","","","null","","","","","","","","","","","","","","","","","","","","","","","","","",""
"null","","learn_phase(without_color)","495945","","black_plus_sign","","","","null","GW/hat.jpg","GW/barrel.jpg","","","","","","","","","","","","","","","","","","","","","","","",""
"null","","black_cross(without_color)","496754","","green","","","","null","GW/hat.jpg","GW/barrel.jpg","","","","","","","","","","","","","","","","","","","","","","","",""
"null","","rt_plussign_withcolor","497256","","green","","","","null","GW/hat.jpg","GW/barrel.jpg","","","","","","","","","","","","","","","","","","","","","","","",""
"922.6999999999534","","rt_thecrossant_black","498455","","black_plus_sign","","","","50","","","1","1","","","","","","","","","","","","","","","","","","","","","",""
"null","","color_black","498558","","black_plus_sign","","","","null","","","","","","","","","","","","","","","","","","","","","","","","","",""
"null","","learn_phase(without_color)","501562","","black_plus_sign","","","","null","GW/globe.jpg","GW/soldier.jpg","","","","","","","","","","","","","","","","","","","","","","","",""
"null","","black_cross(without_color)","502387","","blue","","","","null","GW/globe.jpg","GW/soldier.jpg","","","","","","","","","","","","","","","","","","","","","","","",""
"392.60000000009313","","rt_plussign_withcolor","502889","","blue","","","","49","GW/globe.jpg","GW/soldier.jpg","","","","","","","","","","","","","","","","","","","","","","","",""
"null","","rt_thecrossant_black","504071","","black_plus_sign","","","","null","","","1","1","","","","","","","","","","","","","","","","","","","","","",""
"null","","color_black","504175","","black_plus_sign","","","","null","","","","","","","","","","","","","","","","","","","","","","","","","",""
"null","","learn_phase(without_color)","507179","","black_plus_sign","","","","null","GW/teeth.jpg","GW/dustpan.jpg","","","","","","","","","","","","","","","","","","","","","","","",""
"null","","black_cross(without_color)","508065","","blue","","","","null","GW/teeth.jpg","GW/dustpan.jpg","","","","","","","","","","","","","","","","","","","","","","","",""
"476.89999999990687","","rt_plussign_withcolor","508568","","blue","","","","49","GW/teeth.jpg","GW/dustpan.jpg","","","","","","","","","","","","","","","","","","","","","","","",""
"null","","rt_thecrossant_black","509688","","black_plus_sign","","","","null","","","1","1","","","","","","","","","","","","","","","","","","","","","",""
"null","","color_black","509792","","black_plus_sign","","","","null","","","","","","","","","","","","","","","","","","","","","","","","","",""
"null","","learn_phase(without_color)","512796","","black_plus_sign","","","","null","GW/wheelchair.jpg","GW/camera.jpg","","","","","","","","","","","","","","","","","","","","","","","",""
"null","","black_cross(without_color)","513345","","blue","","","","null","GW/wheelchair.jpg","GW/camera.jpg","","","","","","","","","","","","","","","","","","","","","","","",""
"494.4000000000233","","rt_plussign_withcolor","513847","","blue","","","","49","GW/wheelchair.jpg","GW/camera.jpg","","","","","","","","","","","","","","","","","","","","","","","",""
"null","","rt_thecrossant_black","515305","","black_plus_sign","","","","null","","","1","1","","","","","","","","","","","","","","","","","","","","","",""
"null","","color_black","515409","","black_plus_sign","","","","null","","","","","","","","","","","","","","","","","","","","","","","","","",""
"null","","learn_phase(without_color)","518414","","black_plus_sign","","","","null","GW/soldier.jpg","GW/globe.jpg","","","","","","","","","","","","","","","","","","","","","","","",""
"null","","black_cross(without_color)","519028","","green","","","","null","GW/soldier.jpg","GW/globe.jpg","","","","","","","","","","","","","","","","","","","","","","","",""
"383.5999999999767","","rt_plussign_withcolor","519531","","green","","","","50","GW/soldier.jpg","GW/globe.jpg","","","","","","","","","","","","","","","","","","","","","","","",""
"null","","rt_thecrossant_black","520922","","black_plus_sign","","","","null","","","1","1","","","","","","","","","","","","","","","","","","","","","",""
"null","","color_black","521026","","black_plus_sign","","","","null","","","","","","","","","","","","","","","","","","","","","","","","","",""
"null","","learn_phase(without_color)","524030","","black_plus_sign","","","","null","GW/dustpan.jpg","GW/teeth.jpg","","","","","","","","","","","","","","","","","","","","","","","",""
"null","","black_cross(without_color)","524819","","green","","","","null","GW/dustpan.jpg","GW/teeth.jpg","","","","","","","","","","","","","","","","","","","","","","","",""
"363.39999999990687","","rt_plussign_withcolor","525322","","green","","","","50","GW/dustpan.jpg","GW/teeth.jpg","","","","","","","","","","","","","","","","","","","","","","","",""
"null","","rt_thecrossant_black","526539","","black_plus_sign","","","","null","","","1","1","","","","","","","","","","","","","","","","","","","","","",""
"null","","color_black","526643","","black_plus_sign","","","","null","","","","","","","","","","","","","","","","","","","","","","","","","",""
"null","","learn_phase(without_color)","529647","","black_plus_sign","","","","null","GW/wheelchair.jpg","GW/camera.jpg","","","","","","","","","","","","","","","","","","","","","","","",""
"null","","black_cross(without_color)","530499","","green","","","","null","GW/wheelchair.jpg","GW/camera.jpg","","","","","","","","","","","","","","","","","","","","","","","",""
"399.20000000018626","","rt_plussign_withcolor","531002","","green","","","","50","GW/wheelchair.jpg","GW/camera.jpg","","","","","","","","","","","","","","","","","","","","","","","",""
"null","","rt_thecrossant_black","532158","","black_plus_sign","","","","null","","","1","1","","","","","","","","","","","","","","","","","","","","","",""
"null","","color_black","532261","","black_plus_sign","","","","null","","","","","","","","","","","","","","","","","","","","","","","","","",""
"null","","learn_phase(without_color)","535266","","black_plus_sign","","","","null","GW/dustpan.jpg","GW/teeth.jpg","","","","","","","","","","","","","","","","","","","","","","","",""
"null","","black_cross(without_color)","536150","","blue","","","","null","GW/dustpan.jpg","GW/teeth.jpg","","","","","","","","","","","","","","","","","","","","","","","",""
"486.70000000018626","","rt_plussign_withcolor","536653","","blue","","","","49","GW/dustpan.jpg","GW/teeth.jpg","","","","","","","","","","","","","","","","","","","","","","","",""
"null","","rt_thecrossant_black","537776","","black_plus_sign","","","","null","","","1","1","","","","","","","","","","","","","","","","","","","","","",""
"null","","color_black","537879","","black_plus_sign","","","","null","","","","","","","","","","","","","","","","","","","","","","","","","",""
"null","","learn_phase(without_color)","540883","","black_plus_sign","","","","null","GW/gong.jpg","GW/teeth.jpg","","","","","","","","","","","","","","","","","","","","","","","",""
"null","","black_cross(without_color)","541623","","green","","","","null","GW/gong.jpg","GW/teeth.jpg","","","","","","","","","","","","","","","","","","","","","","","",""
"386.0999999998603","","rt_plussign_withcolor","542126","","green","","","","49","GW/gong.jpg","GW/teeth.jpg","","","","","","","","","","","","","","","","","","","","","","","",""
"null","","rt_thecrossant_black","543393","","black_plus_sign","","","","50","","","0","0.9696969696969697","","","","","","","","","","","","","","","","","","","","","",""
"null","","color_black","543497","","black_plus_sign","","","","null","","","","","","","","","","","","","","","","","","","","","","","","","",""
"null","","learn_phase(without_color)","546502","","black_plus_sign","","","","null","GW/paint.jpg","GW/barrel.jpg","","","","","","","","","","","","","","","","","","","","","","","",""
"null","","black_cross(without_color)","547432","","green","","","","null","GW/paint.jpg","GW/barrel.jpg","","","","","","","","","","","","","","","","","","","","","","","",""
"null","","rt_plussign_withcolor","547936","","green","","","","null","GW/paint.jpg","GW/barrel.jpg","","","","","","","","","","","","","","","","","","","","","","","",""
"896","","rt_thecrossant_black","549013","","black_plus_sign","","","","50","","","1","0.9705882352941176","","","","","","","","","","","","","","","","","","","","","",""
"null","","color_black","549116","","black_plus_sign","","","","null","","","","","","","","","","","","","","","","","","","","","","","","","",""
"null","","learn_phase(without_color)","552120","","black_plus_sign","","","","null","GW/dustpan.jpg","GW/basket.jpg","","","","","","","","","","","","","","","","","","","","","","","",""
"null","","black_cross(without_color)","552879","","green","","","","null","GW/dustpan.jpg","GW/basket.jpg","","","","","","","","","","","","","","","","","","","","","","","",""
"413","","rt_plussign_withcolor","553382","","green","","","","50","GW/dustpan.jpg","GW/basket.jpg","","","","","","","","","","","","","","","","","","","","","","","",""
"null","","rt_thecrossant_black","554629","","black_plus_sign","","","","null","","","1","0.9714285714285714","","","","","","","","","","","","","","","","","","","","","",""
"null","","color_black","554733","","black_plus_sign","","","","null","","","","","","","","","","","","","","","","","","","","","","","","","",""
"null","","learn_phase(without_color)","557737","","black_plus_sign","","","","null","GW/gong.jpg","GW/teeth.jpg","","","","","","","","","","","","","","","","","","","","","","","",""
"null","","black_cross(without_color)","558448","","blue","","","","null","GW/gong.jpg","GW/teeth.jpg","","","","","","","","","","","","","","","","","","","","","","","",""
"410.20000000018626","","rt_plussign_withcolor","558951","","blue","","","","49","GW/gong.jpg","GW/teeth.jpg","","","","","","","","","","","","","","","","","","","","","","","",""
"null","","rt_thecrossant_black","560248","","black_plus_sign","","","","null","","","1","0.9722222222222222","","","","","","","","","","","","","","","","","","","","","",""
"null","","color_black","560351","","black_plus_sign","","","","null","","","","","","","","","","","","","","","","","","","","","","","","","",""
"null","","learn_phase(without_color)","563356","","black_plus_sign","","","","null","GW/barrel.jpg","GW/paint.jpg","","","","","","","","","","","","","","","","","","","","","","","",""
"null","","black_cross(without_color)","564065","","green","","","","null","GW/barrel.jpg","GW/paint.jpg","","","","","","","","","","","","","","","","","","","","","","","",""
"380.69999999995343","","rt_plussign_withcolor","564568","","green","","","","50","GW/barrel.jpg","GW/paint.jpg","","","","","","","","","","","","","","","","","","","","","","","",""
"null","","rt_thecrossant_black","565866","","black_plus_sign","","","","null","","","1","0.972972972972973","","","","","","","","","","","","","","","","","","","","","",""
"null","","color_black","565970","","black_plus_sign","","","","null","","","","","","","","","","","","","","","","","","","","","","","","","",""
"null","","learn_phase(without_color)","568974","","black_plus_sign","","","","null","GW/dustpan.jpg","GW/basket.jpg","","","","","","","","","","","","","","","","","","","","","","","",""
"null","","black_cross(without_color)","569468","","blue","","","","null","GW/dustpan.jpg","GW/basket.jpg","","","","","","","","","","","","","","","","","","","","","","","",""
"450.89999999990687","","rt_plussign_withcolor","569971","","blue","","","","49","GW/dustpan.jpg","GW/basket.jpg","","","","","","","","","","","","","","","","","","","","","","","",""
"null","","rt_thecrossant_black","571485","","black_plus_sign","","","","null","","","1","0.9736842105263158","","","","","","","","","","","","","","","","","","","","","",""
"null","","color_black","571588","","black_plus_sign","","","","null","","","","","","","","","","","","","","","","","","","","","","","","","",""
"null","","learn_phase(without_color)","574593","","black_plus_sign","","","","null","GW/snail.jpg","GW/soldier.jpg","","","","","","","","","","","","","","","","","","","","","","","",""
"null","","black_cross(without_color)","575042","","blue","","","","null","GW/snail.jpg","GW/soldier.jpg","","","","","","","","","","","","","","","","","","","","","","","",""
"null","","rt_plussign_withcolor","575545","","blue","","","","null","GW/snail.jpg","GW/soldier.jpg","","","","","","","","","","","","","","","","","","","","","","","",""
"672.6999999999534","","rt_thecrossant_black","577103","","black_plus_sign","","","","49","","","1","0.9743589743589743","","","","","","","","","","","","","","","","","","","","","",""
"null","","color_black","577206","","black_plus_sign","","","","null","","","","","","","","","","","","","","","","","","","","","","","","","",""
"null","","learn_phase(without_color)","580211","","black_plus_sign","","","","null","GW/barrel.jpg","GW/paint.jpg","","","","","","","","","","","","","","","","","","","","","","","",""
"null","","black_cross(without_color)","581211","","blue","","","","null","GW/barrel.jpg","GW/paint.jpg","","","","","","","","","","","","","","","","","","","","","","","",""
"444.9000000001397","","rt_plussign_withcolor","581714","","blue","","","","49","GW/barrel.jpg","GW/paint.jpg","","","","","","","","","","","","","","","","","","","","","","","",""
"null","","rt_thecrossant_black","582720","","black_plus_sign","","","","null","","","1","0.975","","","","","","","","","","","","","","","","","","","","","",""
"null","","color_black","582824","","black_plus_sign","","","","null","","","","","","","","","","","","","","","","","","","","","","","","","",""
"null","","learn_phase(without_color)","585828","","black_plus_sign","","","","null","GW/snail.jpg","GW/soldier.jpg","","","","","","","","","","","","","","","","","","","","","","","",""
"null","","black_cross(without_color)","586240","","green","","","","null","GW/snail.jpg","GW/soldier.jpg","","","","","","","","","","","","","","","","","","","","","","","",""
"null","","rt_plussign_withcolor","586743","","green","","","","null","GW/snail.jpg","GW/soldier.jpg","","","","","","","","","","","","","","","","","","","","","","","",""
"1100.1000000000931","","rt_thecrossant_black","588337","","black_plus_sign","","","","50","","","1","0.975609756097561","","","","","","","","","","","","","","","","","","","","","",""
"null","","color_black","588440","","black_plus_sign","","","","null","","","","","","","","","","","","","","","","","","","","","","","","","",""
"null","","learn_phase(without_color)","591445","","black_plus_sign","","","","null","GW/gong.jpg","GW/teeth.jpg","","","","","","","","","","","","","","","","","","","","","","","",""
"null","","black_cross(without_color)","592438","","green","","","","null","GW/gong.jpg","GW/teeth.jpg","","","","","","","","","","","","","","","","","","","","","","","",""
"470.10000000009313","","rt_plussign_withcolor","592941","","green","","","","50","GW/gong.jpg","GW/teeth.jpg","","","","","","","","","","","","","","","","","","","","","","","",""
"null","","rt_thecrossant_black","593955","","black_plus_sign","","","","null","","","1","0.9761904761904762","","","","","","","","","","","","","","","","","","","","","",""
"null","","color_black","594059","","black_plus_sign","","","","null","","","","","","","","","","","","","","","","","","","","","","","","","",""
"null","","learn_phase(without_color)","597063","","black_plus_sign","","","","null","GW/paint.jpg","GW/barrel.jpg","","","","","","","","","","","","","","","","","","","","","","","",""
"null","","black_cross(without_color)","597931","","green","","","","null","GW/paint.jpg","GW/barrel.jpg","","","","","","","","","","","","","","","","","","","","","","","",""
"null","","rt_plussign_withcolor","598434","","green","","","","null","GW/paint.jpg","GW/barrel.jpg","","","","","","","","","","","","","","","","","","","","","","","",""
"1110.5","","rt_thecrossant_black","599572","","black_plus_sign","","","","50","","","1","0.9767441860465116","","","","","","","","","","","","","","","","","","","","","",""
"null","","color_black","599677","","black_plus_sign","","","","null","","","","","","","","","","","","","","","","","","","","","","","","","",""
"null","","learn_phase(without_color)","602681","","black_plus_sign","","","","null","GW/dustpan.jpg","GW/basket.jpg","","","","","","","","","","","","","","","","","","","","","","","",""
"null","","black_cross(without_color)","603215","","blue","","","","null","GW/dustpan.jpg","GW/basket.jpg","","","","","","","","","","","","","","","","","","","","","","","",""
"null","","rt_plussign_withcolor","603718","","blue","","","","null","GW/dustpan.jpg","GW/basket.jpg","","","","","","","","","","","","","","","","","","","","","","","",""
"973.6999999999534","","rt_thecrossant_black","605190","","black_plus_sign","","","","49","","","1","0.9772727272727273","","","","","","","","","","","","","","","","","","","","","",""
"null","","color_black","605294","","black_plus_sign","","","","null","","","","","","","","","","","","","","","","","","","","","","","","","",""
"null","","learn_phase(without_color)","608298","","black_plus_sign","","","","null","GW/paint.jpg","GW/barrel.jpg","","","","","","","","","","","","","","","","","","","","","","","",""
"null","","black_cross(without_color)","609137","","green","","","","null","GW/paint.jpg","GW/barrel.jpg","","","","","","","","","","","","","","","","","","","","","","","",""
"450.69999999995343","","rt_plussign_withcolor","609640","","green","","","","50","GW/paint.jpg","GW/barrel.jpg","","","","","","","","","","","","","","","","","","","","","","","",""
"null","","rt_thecrossant_black","610809","","black_plus_sign","","","","null","","","1","0.9777777777777777","","","","","","","","","","","","","","","","","","","","","",""
"null","","color_black","610913","","black_plus_sign","","","","null","","","","","","","","","","","","","","","","","","","","","","","","","",""
"null","","learn_phase(without_color)","613917","","black_plus_sign","","","","null","GW/snail.jpg","GW/soldier.jpg","","","","","","","","","","","","","","","","","","","","","","","",""
"null","","black_cross(without_color)","614703","","green","","","","null","GW/snail.jpg","GW/soldier.jpg","","","","","","","","","","","","","","","","","","","","","","","",""
"null","","rt_plussign_withcolor","615206","","green","","","","null","GW/snail.jpg","GW/soldier.jpg","","","","","","","","","","","","","","","","","","","","","","","",""
"1015.4000000001397","","rt_thecrossant_black","616427","","black_plus_sign","","","","50","","","1","0.9782608695652174","","","","","","","","","","","","","","","","","","","","","",""
"null","","color_black","616532","","black_plus_sign","","","","null","","","","","","","","","","","","","","","","","","","","","","","","","",""
"null","","learn_phase(without_color)","619536","","black_plus_sign","","","","null","GW/basket.jpg","GW/dustpan.jpg","","","","","","","","","","","","","","","","","","","","","","","",""
"null","","black_cross(without_color)","620126","","green","","","","null","GW/basket.jpg","GW/dustpan.jpg","","","","","","","","","","","","","","","","","","","","","","","",""
"409.89999999990687","","rt_plussign_withcolor","620628","","green","","","","50","GW/basket.jpg","GW/dustpan.jpg","","","","","","","","","","","","","","","","","","","","","","","",""
"null","","rt_thecrossant_black","622045","","black_plus_sign","","","","null","","","1","0.9787234042553191","","","","","","","","","","","","","","","","","","","","","",""
"null","","color_black","622149","","black_plus_sign","","","","null","","","","","","","","","","","","","","","","","","","","","","","","","",""
"null","","learn_phase(without_color)","625154","","black_plus_sign","","","","null","GW/paint.jpg","GW/barrel.jpg","","","","","","","","","","","","","","","","","","","","","","","",""
"null","","black_cross(without_color)","626244","","blue","","","","null","GW/paint.jpg","GW/barrel.jpg","","","","","","","","","","","","","","","","","","","","","","","",""
"441.19999999995343","","rt_plussign_withcolor","626747","","blue","","","","49","GW/paint.jpg","GW/barrel.jpg","","","","","","","","","","","","","","","","","","","","","","","",""
"null","","rt_thecrossant_black","627664","","black_plus_sign","","","","null","","","1","0.9791666666666666","","","","","","","","","","","","","","","","","","","","","",""
"null","","color_black","627768","","black_plus_sign","","","","null","","","","","","","","","","","","","","","","","","","","","","","","","",""
"null","","learn_phase(without_color)","630772","","black_plus_sign","","","","null","GW/soldier.jpg","GW/snail.jpg","","","","","","","","","","","","","","","","","","","","","","","",""
"null","","black_cross(without_color)","631223","","blue","","","","null","GW/soldier.jpg","GW/snail.jpg","","","","","","","","","","","","","","","","","","","","","","","",""
"415.5","","rt_plussign_withcolor","631726","","blue","","","","49","GW/soldier.jpg","GW/snail.jpg","","","","","","","","","","","","","","","","","","","","","","","",""
"null","","rt_thecrossant_black","633283","","black_plus_sign","","","","null","","","1","0.9795918367346939","","","","","","","","","","","","","","","","","","","","","",""
"null","","color_black","633386","","black_plus_sign","","","","null","","","","","","","","","","","","","","","","","","","","","","","","","",""
"null","","learn_phase(without_color)","636391","","black_plus_sign","","","","null","GW/dustpan.jpg","GW/basket.jpg","","","","","","","","","","","","","","","","","","","","","","","",""
"null","","black_cross(without_color)","636998","","blue","","","","null","GW/dustpan.jpg","GW/basket.jpg","","","","","","","","","","","","","","","","","","","","","","","",""
"null","","rt_plussign_withcolor","637502","","blue","","","","null","GW/dustpan.jpg","GW/basket.jpg","","","","","","","","","","","","","","","","","","","","","","","",""
"550.3000000000466","","rt_thecrossant_black","638901","","black_plus_sign","","","","49","","","1","0.98","","","","","","","","","","","","","","","","","","","","","",""
"null","","color_black","639005","","black_plus_sign","","","","null","","","","","","","","","","","","","","","","","","","","","","","","","",""
"null","","learn_phase(without_color)","642009","","black_plus_sign","","","","null","GW/gong.jpg","GW/teeth.jpg","","","","","","","","","","","","","","","","","","","","","","","",""
"null","","black_cross(without_color)","642450","","blue","","","","null","GW/gong.jpg","GW/teeth.jpg","","","","","","","","","","","","","","","","","","","","","","","",""
"358.89999999990687","","rt_plussign_withcolor","642953","","blue","","","","49","GW/gong.jpg","GW/teeth.jpg","","","","","","","","","","","","","","","","","","","","","","","",""
"null","","rt_thecrossant_black","644520","","black_plus_sign","","","","null","","","1","0.9803921568627451","","","","","","","","","","","","","","","","","","","","","",""
"null","","color_black","644624","","black_plus_sign","","","","null","","","","","","","","","","","","","","","","","","","","","","","","","",""
"null","","learn_phase(without_color)","647628","","black_plus_sign","","","","null","GW/soldier.jpg","GW/snail.jpg","","","","","","","","","","","","","","","","","","","","","","","",""
"null","","black_cross(without_color)","648519","","blue","","","","null","GW/soldier.jpg","GW/snail.jpg","","","","","","","","","","","","","","","","","","","","","","","",""
"448.5","","rt_plussign_withcolor","649021","","blue","","","","49","GW/soldier.jpg","GW/snail.jpg","","","","","","","","","","","","","","","","","","","","","","","",""
"null","","rt_thecrossant_black","650137","","black_plus_sign","","","","null","","","1","0.9807692307692307","","","","","","","","","","","","","","","","","","","","","",""
"null","","color_black","650241","","black_plus_sign","","","","null","","","","","","","","","","","","","","","","","","","","","","","","","",""
"null","","learn_phase(without_color)","653245","","black_plus_sign","","","","null","GW/gong.jpg","GW/teeth.jpg","","","","","","","","","","","","","","","","","","","","","","","",""
"null","","black_cross(without_color)","654332","","green","","","","null","GW/gong.jpg","GW/teeth.jpg","","","","","","","","","","","","","","","","","","","","","","","",""
"416.80000000004657","","rt_plussign_withcolor","654835","","green","","","","50","GW/gong.jpg","GW/teeth.jpg","","","","","","","","","","","","","","","","","","","","","","","",""
"null","","rt_thecrossant_black","655755","","black_plus_sign","","","","null","","","1","0.9811320754716981","","","","","","","","","","","","","","","","","","","","","",""
"null","","color_black","655858","","black_plus_sign","","","","null","","","","","","","","","","","","","","","","","","","","","","","","","",""
"null","","learn_phase(without_color)","658863","","black_plus_sign","","","","null","GW/dustpan.jpg","GW/basket.jpg","","","","","","","","","","","","","","","","","","","","","","","",""
"null","","black_cross(without_color)","659687","","green","","","","null","GW/dustpan.jpg","GW/basket.jpg","","","","","","","","","","","","","","","","","","","","","","","",""
"488.19999999995343","","rt_plussign_withcolor","660190","","green","","","","50","GW/dustpan.jpg","GW/basket.jpg","","","","","","","","","","","","","","","","","","","","","","","",""
"null","","rt_thecrossant_black","661371","","black_plus_sign","","","","null","","","1","0.9814814814814815","","","","","","","","","","","","","","","","","","","","","",""
"null","","color_black","661475","","black_plus_sign","","","","null","","","","","","","","","","","","","","","","","","","","","","","","","",""
"null","","learn_phase(without_color)","664479","","black_plus_sign","","","","null","GW/soldier.jpg","GW/snail.jpg","","","","","","","","","","","","","","","","","","","","","","","",""
"null","","black_cross(without_color)","664971","","blue","","","","null","GW/soldier.jpg","GW/snail.jpg","","","","","","","","","","","","","","","","","","","","","","","",""
"381.69999999995343","","rt_plussign_withcolor","665474","","blue","","","","49","GW/soldier.jpg","GW/snail.jpg","","","","","","","","","","","","","","","","","","","","","","","",""
"null","","rt_thecrossant_black","666989","","black_plus_sign","","","","null","","","1","0.9818181818181818","","","","","","","","","","","","","","","","","","","","","",""
"null","","color_black","667092","","black_plus_sign","","","","null","","","","","","","","","","","","","","","","","","","","","","","","","",""
"null","","learn_phase(without_color)","670097","","black_plus_sign","","","","null","GW/gong.jpg","GW/teeth.jpg","","","","","","","","","","","","","","","","","","","","","","","",""
"null","","black_cross(without_color)","670777","","green","","","","null","GW/gong.jpg","GW/teeth.jpg","","","","","","","","","","","","","","","","","","","","","","","",""
"485.39999999990687","","rt_plussign_withcolor","671280","","green","","","","50","GW/gong.jpg","GW/teeth.jpg","","","","","","","","","","","","","","","","","","","","","","","",""
"null","","rt_thecrossant_black","672607","","black_plus_sign","","","","null","","","1","0.9821428571428571","","","","","","","","","","","","","","","","","","","","","",""
"null","","color_black","672711","","black_plus_sign","","","","null","","","","","","","","","","","","","","","","","","","","","","","","","",""
"null","","learn_phase(without_color)","675715","","black_plus_sign","","","","null","GW/soldier.jpg","GW/snail.jpg","","","","","","","","","","","","","","","","","","","","","","","",""
"null","","black_cross(without_color)","676706","","green","","","","null","GW/soldier.jpg","GW/snail.jpg","","","","","","","","","","","","","","","","","","","","","","","",""
"398.9000000001397","","rt_plussign_withcolor","677209","","green","","","","50","GW/soldier.jpg","GW/snail.jpg","","","","","","","","","","","","","","","","","","","","","","","",""
"null","","rt_thecrossant_black","678225","","black_plus_sign","","","","null","","","1","0.9824561403508771","","","","","","","","","","","","","","","","","","","","","",""
"null","","color_black","678329","","black_plus_sign","","","","null","","","","","","","","","","","","","","","","","","","","","","","","","",""
"null","","learn_phase(without_color)","681333","","black_plus_sign","","","","null","GW/gong.jpg","GW/teeth.jpg","","","","","","","","","","","","","","","","","","","","","","","",""
"null","","black_cross(without_color)","682336","","blue","","","","null","GW/gong.jpg","GW/teeth.jpg","","","","","","","","","","","","","","","","","","","","","","","",""
"422.80000000004657","","rt_plussign_withcolor","682839","","blue","","","","49","GW/gong.jpg","GW/teeth.jpg","","","","","","","","","","","","","","","","","","","","","","","",""
"null","","rt_thecrossant_black","683842","","black_plus_sign","","","","null","","","1","0.9827586206896551","","","","","","","","","","","","","","","","","","","","","",""
"null","","color_black","683946","","black_plus_sign","","","","null","","","","","","","","","","","","","","","","","","","","","","","","","",""
"null","","learn_phase(without_color)","686951","","black_plus_sign","","","","null","GW/dustpan.jpg","GW/basket.jpg","","","","","","","","","","","","","","","","","","","","","","","",""
"null","","black_cross(without_color)","687695","","green","","","","null","GW/dustpan.jpg","GW/basket.jpg","","","","","","","","","","","","","","","","","","","","","","","",""
"376.19999999995343","","rt_plussign_withcolor","688199","","green","","","","50","GW/dustpan.jpg","GW/basket.jpg","","","","","","","","","","","","","","","","","","","","","","","",""
"null","","rt_thecrossant_black","689462","","black_plus_sign","","","","null","","","1","0.9830508474576272","","","","","","","","","","","","","","","","","","","","","",""
"null","","color_black","689566","","black_plus_sign","","","","null","","","","","","","","","","","","","","","","","","","","","","","","","",""
"null","","learn_phase(without_color)","692570","","black_plus_sign","","","","null","GW/teeth.jpg","GW/gong.jpg","","","","","","","","","","","","","","","","","","","","","","","",""
"null","","black_cross(without_color)","693425","","green","","","","null","GW/teeth.jpg","GW/gong.jpg","","","","","","","","","","","","","","","","","","","","","","","",""
"424.9000000001397","","rt_plussign_withcolor","693929","","green","","","","50","GW/teeth.jpg","GW/gong.jpg","","","","","","","","","","","","","","","","","","","","","","","",""
"null","","rt_thecrossant_black","695080","","black_plus_sign","","","","null","","","1","0.9833333333333333","","","","","","","","","","","","","","","","","","","","","",""
"null","","color_black","695184","","black_plus_sign","","","","null","","","","","","","","","","","","","","","","","","","","","","","","","",""
"null","","learn_phase(without_color)","698189","","black_plus_sign","","","","null","GW/snail.jpg","GW/soldier.jpg","","","","","","","","","","","","","","","","","","","","","","","",""
"null","","black_cross(without_color)","698845","","blue","","","","null","GW/snail.jpg","GW/soldier.jpg","","","","","","","","","","","","","","","","","","","","","","","",""
"374.80000000004657","","rt_plussign_withcolor","699348","","blue","","","","49","GW/snail.jpg","GW/soldier.jpg","","","","","","","","","","","","","","","","","","","","","","","",""
"null","","rt_thecrossant_black","700699","","black_plus_sign","","","","null","","","1","0.9836065573770492","","","","","","","","","","","","","","","","","","","","","",""
"null","","color_black","700802","","black_plus_sign","","","","null","","","","","","","","","","","","","","","","","","","","","","","","","",""
"null","","learn_phase(without_color)","703807","","black_plus_sign","","","","null","GW/paint.jpg","GW/barrel.jpg","","","","","","","","","","","","","","","","","","","","","","","",""
"null","","black_cross(without_color)","704856","","blue","","","","null","GW/paint.jpg","GW/barrel.jpg","","","","","","","","","","","","","","","","","","","","","","","",""
"435","","rt_plussign_withcolor","705358","","blue","","","","49","GW/paint.jpg","GW/barrel.jpg","","","","","","","","","","","","","","","","","","","","","","","",""
"null","","rt_thecrossant_black","706317","","black_plus_sign","","","","null","","","1","0.9838709677419355","","","","","","","","","","","","","","","","","","","","","",""
"null","","color_black","706420","","black_plus_sign","","","","null","","","","","","","","","","","","","","","","","","","","","","","","","",""
"null","","learn_phase(without_color)","709425","","black_plus_sign","","","","null","GW/paint.jpg","GW/barrel.jpg","","","","","","","","","","","","","","","","","","","","","","","",""
"null","","black_cross(without_color)","710199","","green","","","","null","GW/paint.jpg","GW/barrel.jpg","","","","","","","","","","","","","","","","","","","","","","","",""
"444.99999999976717","","rt_plussign_withcolor","710702","","green","","","","50","GW/paint.jpg","GW/barrel.jpg","","","","","","","","","","","","","","","","","","","","","","","",""
"null","","rt_thecrossant_black","711935","","black_plus_sign","","","","null","","","1","0.9841269841269841","","","","","","","","","","","","","","","","","","","","","",""
"null","","color_black","712039","","black_plus_sign","","","","null","","","","","","","","","","","","","","","","","","","","","","","","","",""
"null","","learn_phase(without_color)","715043","","black_plus_sign","","","","null","GW/dustpan.jpg","GW/basket.jpg","","","","","","","","","","","","","","","","","","","","","","","",""
"null","","black_cross(without_color)","715599","","green","","","","null","GW/dustpan.jpg","GW/basket.jpg","","","","","","","","","","","","","","","","","","","","","","","",""
"null","","rt_plussign_withcolor","716103","","green","","","","null","GW/dustpan.jpg","GW/basket.jpg","","","","","","","","","","","","","","","","","","","","","","","",""
"982.5","","rt_thecrossant_black","717553","","black_plus_sign","","","","50","","","1","0.984375","","","","","","","","","","","","","","","","","","","","","",""
"null","","color_black","717657","","black_plus_sign","","","","null","","","","","","","","","","","","","","","","","","","","","","","","","",""
"null","","learn_phase(without_color)","720662","","black_plus_sign","","","","null","GW/snail.jpg","GW/teeth.jpg","","","","","","","","","","","","","","","","","","","","","","","",""
"null","","black_cross(without_color)","721247","","blue","","","","null","GW/snail.jpg","GW/teeth.jpg","","","","","","","","","","","","","","","","","","","","","","","",""
"null","","rt_plussign_withcolor","721750","","blue","","","","null","GW/snail.jpg","GW/teeth.jpg","","","","","","","","","","","","","","","","","","","","","","","",""
"972.7000000001863","","rt_thecrossant_black","723173","","black_plus_sign","","","","49","","","1","0.9846153846153847","","","","","","","","","","","","","","","","","","","","","",""
"null","","color_black","723277","","black_plus_sign","","","","null","","","","","","","","","","","","","","","","","","","","","","","","","",""
"null","","learn_phase(without_color)","726281","","black_plus_sign","","","","null","GW/dustpan.jpg","GW/paint.jpg","","","","","","","","","","","","","","","","","","","","","","","",""
"null","","black_cross(without_color)","727081","","green","","","","null","GW/dustpan.jpg","GW/paint.jpg","","","","","","","","","","","","","","","","","","","","","","","",""
"null","","rt_plussign_withcolor","727584","","green","","","","null","GW/dustpan.jpg","GW/paint.jpg","","","","","","","","","","","","","","","","","","","","","","","",""
"716.6000000000931","","rt_thecrossant_black","728791","","black_plus_sign","","","","50","","","1","0.9848484848484849","","","","","","","","","","","","","","","","","","","","","",""
"null","","color_black","728895","","black_plus_sign","","","","null","","","","","","","","","","","","","","","","","","","","","","","","","",""
"null","","learn_phase(without_color)","731900","","black_plus_sign","","","","null","GW/basket.jpg","GW/barrel.jpg","","","","","","","","","","","","","","","","","","","","","","","",""
"null","","black_cross(without_color)","732916","","blue","","","","null","GW/basket.jpg","GW/barrel.jpg","","","","","","","","","","","","","","","","","","","","","","","",""
"440.80000000004657","","rt_plussign_withcolor","733419","","blue","","","","49","GW/basket.jpg","GW/barrel.jpg","","","","","","","","","","","","","","","","","","","","","","","",""
"null","","rt_thecrossant_black","734410","","black_plus_sign","","","","null","","","1","0.9850746268656716","","","","","","","","","","","","","","","","","","","","","",""
"null","","color_black","734515","","black_plus_sign","","","","null","","","","","","","","","","","","","","","","","","","","","","","","","",""
"null","","learn_phase(without_color)","737519","","black_plus_sign","","","","null","GW/dustpan.jpg","GW/paint.jpg","","","","","","","","","","","","","","","","","","","","","","","",""
"null","","black_cross(without_color)","738207","","green","","","","null","GW/dustpan.jpg","GW/paint.jpg","","","","","","","","","","","","","","","","","","","","","","","",""
"null","","rt_plussign_withcolor","738711","","green","","","","null","GW/dustpan.jpg","GW/paint.jpg","","","","","","","","","","","","","","","","","","","","","","","",""
"1122.3000000000466","","rt_thecrossant_black","740029","","black_plus_sign","","","","50","","","1","0.9852941176470589","","","","","","","","","","","","","","","","","","","","","",""
"null","","color_black","740132","","black_plus_sign","","","","null","","","","","","","","","","","","","","","","","","","","","","","","","",""
"null","","learn_phase(without_color)","743136","","black_plus_sign","","","","null","GW/teeth.jpg","GW/snail.jpg","","","","","","","","","","","","","","","","","","","","","","","",""
"null","","black_cross(without_color)","743998","","green","","","","null","GW/teeth.jpg","GW/snail.jpg","","","","","","","","","","","","","","","","","","","","","","","",""
"473.39999999990687","","rt_plussign_withcolor","744501","","green","","","","50","GW/teeth.jpg","GW/snail.jpg","","","","","","","","","","","","","","","","","","","","","","","",""
"null","","rt_thecrossant_black","745646","","black_plus_sign","","","","null","","","1","0.9855072463768116","","","","","","","","","","","","","","","","","","","","","",""
"null","","color_black","745749","","black_plus_sign","","","","null","","","","","","","","","","","","","","","","","","","","","","","","","",""
"null","","learn_phase(without_color)","748753","","black_plus_sign","","","","null","GW/barrel.jpg","GW/basket.jpg","","","","","","","","","","","","","","","","","","","","","","","",""
"null","","black_cross(without_color)","749362","","blue","","","","null","GW/barrel.jpg","GW/basket.jpg","","","","","","","","","","","","","","","","","","","","","","","",""
"363.30000000004657","","rt_plussign_withcolor","749866","","blue","","","","49","GW/barrel.jpg","GW/basket.jpg","","","","","","","","","","","","","","","","","","","","","","","",""
"null","","rt_thecrossant_black","751263","","black_plus_sign","","","","null","","","1","0.9857142857142858","","","","","","","","","","","","","","","","","","","","","",""
"null","","color_black","751367","","black_plus_sign","","","","null","","","","","","","","","","","","","","","","","","","","","","","","","",""
"null","","learn_phase(without_color)","754372","","black_plus_sign","","","","null","GW/camera.jpg","GW/soldier.jpg","","","","","","","","","","","","","","","","","","","","","","","",""
"null","","black_cross(without_color)","755060","","blue","","","","null","GW/camera.jpg","GW/soldier.jpg","","","","","","","","","","","","","","","","","","","","","","","",""
"500.5999999998603","","rt_plussign_withcolor","755563","","blue","","","","49","GW/camera.jpg","GW/soldier.jpg","","","","","","","","","","","","","","","","","","","","","","","",""
"null","","rt_thecrossant_black","756882","","black_plus_sign","","","","null","","","1","0.9859154929577465","","","","","","","","","","","","","","","","","","","","","",""
"null","","color_black","756986","","black_plus_sign","","","","null","","","","","","","","","","","","","","","","","","","","","","","","","",""
"null","","learn_phase(without_color)","759990","","black_plus_sign","","","","null","GW/snail.jpg","GW/teeth.jpg","","","","","","","","","","","","","","","","","","","","","","","",""
"null","","black_cross(without_color)","760587","","green","","","","null","GW/snail.jpg","GW/teeth.jpg","","","","","","","","","","","","","","","","","","","","","","","",""
"null","","rt_plussign_withcolor","761090","","green","","","","null","GW/snail.jpg","GW/teeth.jpg","","","","","","","","","","","","","","","","","","","","","","","",""
"827.0999999998603","","rt_thecrossant_black","762501","","black_plus_sign","","","","50","","","1","0.9861111111111112","","","","","","","","","","","","","","","","","","","","","",""
"null","","color_black","762604","","black_plus_sign","","","","null","","","","","","","","","","","","","","","","","","","","","","","","","",""
"null","","learn_phase(without_color)","765608","","black_plus_sign","","","","null","GW/dustpan.jpg","GW/paint.jpg","","","","","","","","","","","","","","","","","","","","","","","",""
"null","","black_cross(without_color)","766462","","blue","","","","null","GW/dustpan.jpg","GW/paint.jpg","","","","","","","","","","","","","","","","","","","","","","","",""
"499.39999999990687","","rt_plussign_withcolor","766963","","blue","","","","49","GW/dustpan.jpg","GW/paint.jpg","","","","","","","","","","","","","","","","","","","","","","","",""
"null","","rt_thecrossant_black","768117","","black_plus_sign","","","","null","","","1","0.9863013698630136","","","","","","","","","","","","","","","","","","","","","",""
"null","","color_black","768220","","black_plus_sign","","","","null","","","","","","","","","","","","","","","","","","","","","","","","","",""
"null","","learn_phase(without_color)","771225","","black_plus_sign","","","","null","GW/teeth.jpg","GW/snail.jpg","","","","","","","","","","","","","","","","","","","","","","","",""
"null","","black_cross(without_color)","772028","","green","","","","null","GW/teeth.jpg","GW/snail.jpg","","","","","","","","","","","","","","","","","","","","","","","",""
"497.4000000001397","","rt_plussign_withcolor","772530","","green","","","","50","GW/teeth.jpg","GW/snail.jpg","","","","","","","","","","","","","","","","","","","","","","","",""
"null","","rt_thecrossant_black","773734","","black_plus_sign","","","","null","","","1","0.9864864864864865","","","","","","","","","","","","","","","","","","","","","",""
"null","","color_black","773839","","black_plus_sign","","","","null","","","","","","","","","","","","","","","","","","","","","","","","","",""
"null","","learn_phase(without_color)","776843","","black_plus_sign","","","","null","GW/barrel.jpg","GW/basket.jpg","","","","","","","","","","","","","","","","","","","","","","","",""
"null","","black_cross(without_color)","777505","","green","","","","null","GW/barrel.jpg","GW/basket.jpg","","","","","","","","","","","","","","","","","","","","","","","",""
"438.89999999990687","","rt_plussign_withcolor","778008","","green","","","","50","GW/barrel.jpg","GW/basket.jpg","","","","","","","","","","","","","","","","","","","","","","","",""
"null","","rt_thecrossant_black","779354","","black_plus_sign","","","","null","","","1","0.9866666666666667","","","","","","","","","","","","","","","","","","","","","",""
"null","","color_black","779458","","black_plus_sign","","","","null","","","","","","","","","","","","","","","","","","","","","","","","","",""
"null","","learn_phase(without_color)","782462","","black_plus_sign","","","","null","GW/camera.jpg","GW/soldier.jpg","","","","","","","","","","","","","","","","","","","","","","","",""
"null","","black_cross(without_color)","783106","","blue","","","","null","GW/camera.jpg","GW/soldier.jpg","","","","","","","","","","","","","","","","","","","","","","","",""
"null","","rt_plussign_withcolor","783609","","blue","","","","null","GW/camera.jpg","GW/soldier.jpg","","","","","","","","","","","","","","","","","","","","","","","",""
"799.8000000000466","","rt_thecrossant_black","784972","","black_plus_sign","","","","49","","","1","0.9868421052631579","","","","","","","","","","","","","","","","","","","","","",""
"null","","color_black","785076","","black_plus_sign","","","","null","","","","","","","","","","","","","","","","","","","","","","","","","",""
"null","","learn_phase(without_color)","788081","","black_plus_sign","","","","null","GW/dustpan.jpg","GW/paint.jpg","","","","","","","","","","","","","","","","","","","","","","","",""
"null","","black_cross(without_color)","788576","","blue","","","","null","GW/dustpan.jpg","GW/paint.jpg","","","","","","","","","","","","","","","","","","","","","","","",""
"null","","rt_plussign_withcolor","789079","","blue","","","","null","GW/dustpan.jpg","GW/paint.jpg","","","","","","","","","","","","","","","","","","","","","","","",""
"810.6999999999534","","rt_thecrossant_black","790591","","black_plus_sign","","","","49","","","1","0.987012987012987","","","","","","","","","","","","","","","","","","","","","",""
"null","","color_black","790695","","black_plus_sign","","","","null","","","","","","","","","","","","","","","","","","","","","","","","","",""
"null","","learn_phase(without_color)","793699","","black_plus_sign","","","","null","GW/basket.jpg","GW/barrel.jpg","","","","","","","","","","","","","","","","","","","","","","","",""
"null","","black_cross(without_color)","794236","","green","","","","null","GW/basket.jpg","GW/barrel.jpg","","","","","","","","","","","","","","","","","","","","","","","",""
"null","","rt_plussign_withcolor","794740","","green","","","","null","GW/basket.jpg","GW/barrel.jpg","","","","","","","","","","","","","","","","","","","","","","","",""
"606.6999999999534","","rt_thecrossant_black","796209","","black_plus_sign","","","","50","","","1","0.9871794871794872","","","","","","","","","","","","","","","","","","","","","",""
"null","","color_black","796313","","black_plus_sign","","","","null","","","","","","","","","","","","","","","","","","","","","","","","","",""
"null","","learn_phase(without_color)","799317","","black_plus_sign","","","","null","GW/dustpan.jpg","GW/paint.jpg","","","","","","","","","","","","","","","","","","","","","","","",""
"null","","black_cross(without_color)","799923","","blue","","","","null","GW/dustpan.jpg","GW/paint.jpg","","","","","","","","","","","","","","","","","","","","","","","",""
"374.89999999990687","","rt_plussign_withcolor","800427","","blue","","","","49","GW/dustpan.jpg","GW/paint.jpg","","","","","","","","","","","","","","","","","","","","","","","",""
"null","","rt_thecrossant_black","801828","","black_plus_sign","","","","null","","","1","0.9873417721518988","","","","","","","","","","","","","","","","","","","","","",""
"null","","color_black","801932","","black_plus_sign","","","","null","","","","","","","","","","","","","","","","","","","","","","","","","",""
"null","","learn_phase(without_color)","804937","","black_plus_sign","","","","null","GW/barrel.jpg","GW/basket.jpg","","","","","","","","","","","","","","","","","","","","","","","",""
"null","","black_cross(without_color)","805770","","blue","","","","null","GW/barrel.jpg","GW/basket.jpg","","","","","","","","","","","","","","","","","","","","","","","",""
"485.80000000004657","","rt_plussign_withcolor","806273","","blue","","","","49","GW/barrel.jpg","GW/basket.jpg","","","","","","","","","","","","","","","","","","","","","","","",""
"null","","rt_thecrossant_black","807447","","black_plus_sign","","","","null","","","1","0.9875","","","","","","","","","","","","","","","","","","","","","",""
"null","","color_black","807551","","black_plus_sign","","","","null","","","","","","","","","","","","","","","","","","","","","","","","","",""
"null","","learn_phase(without_color)","810556","","black_plus_sign","","","","null","GW/camera.jpg","GW/soldier.jpg","","","","","","","","","","","","","","","","","","","","","","","",""
"null","","black_cross(without_color)","811472","","green","","","","null","GW/camera.jpg","GW/soldier.jpg","","","","","","","","","","","","","","","","","","","","","","","",""
"null","","rt_plussign_withcolor","811974","","green","","","","null","GW/camera.jpg","GW/soldier.jpg","","","","","","","","","","","","","","","","","","","","","","","",""
"966.5","","rt_thecrossant_black","813066","","black_plus_sign","","","","50","","","1","0.9876543209876543","","","","","","","","","","","","","","","","","","","","","",""
"null","","color_black","813170","","black_plus_sign","","","","null","","","","","","","","","","","","","","","","","","","","","","","","","",""
"null","","learn_phase(without_color)","816174","","black_plus_sign","","","","null","GW/teeth.jpg","GW/snail.jpg","","","","","","","","","","","","","","","","","","","","","","","",""
"null","","black_cross(without_color)","817114","","blue","","","","null","GW/teeth.jpg","GW/snail.jpg","","","","","","","","","","","","","","","","","","","","","","","",""
"459.60000000009313","","rt_plussign_withcolor","817617","","blue","","","","49","GW/teeth.jpg","GW/snail.jpg","","","","","","","","","","","","","","","","","","","","","","","",""
"null","","rt_thecrossant_black","818683","","black_plus_sign","","","","null","","","1","0.9878048780487805","","","","","","","","","","","","","","","","","","","","","",""
"null","","color_black","818787","","black_plus_sign","","","","null","","","","","","","","","","","","","","","","","","","","","","","","","",""
"null","","learn_phase(without_color)","821791","","black_plus_sign","","","","null","GW/dustpan.jpg","GW/paint.jpg","","","","","","","","","","","","","","","","","","","","","","","",""
"null","","black_cross(without_color)","822548","","blue","","","","null","GW/dustpan.jpg","GW/paint.jpg","","","","","","","","","","","","","","","","","","","","","","","",""
"444.0999999998603","","rt_plussign_withcolor","823050","","blue","","","","49","GW/dustpan.jpg","GW/paint.jpg","","","","","","","","","","","","","","","","","","","","","","","",""
"null","","rt_thecrossant_black","824301","","black_plus_sign","","","","null","","","1","0.9879518072289156","","","","","","","","","","","","","","","","","","","","","",""
"null","","color_black","824403","","black_plus_sign","","","","null","","","","","","","","","","","","","","","","","","","","","","","","","",""
"null","","learn_phase(without_color)","827408","","black_plus_sign","","","","null","GW/teeth.jpg","GW/snail.jpg","","","","","","","","","","","","","","","","","","","","","","","",""
"null","","black_cross(without_color)","827862","","green","","","","null","GW/teeth.jpg","GW/snail.jpg","","","","","","","","","","","","","","","","","","","","","","","",""
"null","","rt_plussign_withcolor","828365","","green","","","","null","GW/teeth.jpg","GW/snail.jpg","","","","","","","","","","","","","","","","","","","","","","","",""
"854.3000000000466","","rt_thecrossant_black","829918","","black_plus_sign","","","","50","","","1","0.9880952380952381","","","","","","","","","","","","","","","","","","","","","",""
"null","","color_black","830022","","black_plus_sign","","","","null","","","","","","","","","","","","","","","","","","","","","","","","","",""
"null","","learn_phase(without_color)","833026","","black_plus_sign","","","","null","GW/basket.jpg","GW/barrel.jpg","","","","","","","","","","","","","","","","","","","","","","","",""
"null","","black_cross(without_color)","833564","","green","","","","null","GW/basket.jpg","GW/barrel.jpg","","","","","","","","","","","","","","","","","","","","","","","",""
"477.39999999990687","","rt_plussign_withcolor","834067","","green","","","","50","GW/basket.jpg","GW/barrel.jpg","","","","","","","","","","","","","","","","","","","","","","","",""
"null","","rt_thecrossant_black","835536","","black_plus_sign","","","","null","","","1","0.9882352941176471","","","","","","","","","","","","","","","","","","","","","",""
"null","","color_black","835640","","black_plus_sign","","","","null","","","","","","","","","","","","","","","","","","","","","","","","","",""
"null","","learn_phase(without_color)","838644","","black_plus_sign","","","","null","GW/paint.jpg","GW/dustpan.jpg","","","","","","","","","","","","","","","","","","","","","","","",""
"null","","black_cross(without_color)","839732","","blue","","","","null","GW/paint.jpg","GW/dustpan.jpg","","","","","","","","","","","","","","","","","","","","","","","",""
"410.29999999981374","","rt_plussign_withcolor","840235","","blue","","","","49","GW/paint.jpg","GW/dustpan.jpg","","","","","","","","","","","","","","","","","","","","","","","",""
"null","","rt_thecrossant_black","841154","","black_plus_sign","","","","null","","","1","0.9883720930232558","","","","","","","","","","","","","","","","","","","","","",""
"null","","color_black","841258","","black_plus_sign","","","","null","","","","","","","","","","","","","","","","","","","","","","","","","",""
"null","","learn_phase(without_color)","844262","","black_plus_sign","","","","null","GW/soldier.jpg","GW/camera.jpg","","","","","","","","","","","","","","","","","","","","","","","",""
"null","","black_cross(without_color)","845065","","blue","","","","null","GW/soldier.jpg","GW/camera.jpg","","","","","","","","","","","","","","","","","","","","","","","",""
"476.79999999981374","","rt_plussign_withcolor","845568","","blue","","","","49","GW/soldier.jpg","GW/camera.jpg","","","","","","","","","","","","","","","","","","","","","","","",""
"null","","rt_thecrossant_black","846772","","black_plus_sign","","","","null","","","1","0.9885057471264368","","","","","","","","","","","","","","","","","","","","","",""
"null","","color_black","846876","","black_plus_sign","","","","null","","","","","","","","","","","","","","","","","","","","","","","","","",""
"null","","learn_phase(without_color)","849881","","black_plus_sign","","","","null","GW/barrel.jpg","GW/basket.jpg","","","","","","","","","","","","","","","","","","","","","","","",""
"null","","black_cross(without_color)","850601","","blue","","","","null","GW/barrel.jpg","GW/basket.jpg","","","","","","","","","","","","","","","","","","","","","","","",""
"474.39999999990687","","rt_plussign_withcolor","851104","","blue","","","","49","GW/barrel.jpg","GW/basket.jpg","","","","","","","","","","","","","","","","","","","","","","","",""
"null","","rt_thecrossant_black","852390","","black_plus_sign","","","","null","","","1","0.9886363636363636","","","","","","","","","","","","","","","","","","","","","",""
"null","","color_black","852494","","black_plus_sign","","","","null","","","","","","","","","","","","","","","","","","","","","","","","","",""
"null","","learn_phase(without_color)","855499","","black_plus_sign","","","","null","GW/soldier.jpg","GW/camera.jpg","","","","","","","","","","","","","","","","","","","","","","","",""
"null","","black_cross(without_color)","856567","","green","","","","null","GW/soldier.jpg","GW/camera.jpg","","","","","","","","","","","","","","","","","","","","","","","",""
"421.79999999981374","","rt_plussign_withcolor","857071","","green","","","","50","GW/soldier.jpg","GW/camera.jpg","","","","","","","","","","","","","","","","","","","","","","","",""
"null","","rt_thecrossant_black","858010","","black_plus_sign","","","","null","","","1","0.9887640449438202","","","","","","","","","","","","","","","","","","","","","",""
"null","","color_black","858114","","black_plus_sign","","","","null","","","","","","","","","","","","","","","","","","","","","","","","","",""
"null","","learn_phase(without_color)","861119","","black_plus_sign","","","","null","GW/barrel.jpg","GW/basket.jpg","","","","","","","","","","","","","","","","","","","","","","","",""
"null","","black_cross(without_color)","861560","","green","","","","null","GW/barrel.jpg","GW/basket.jpg","","","","","","","","","","","","","","","","","","","","","","","",""
"487.69999999995343","","rt_plussign_withcolor","862063","","green","","","","50","GW/barrel.jpg","GW/basket.jpg","","","","","","","","","","","","","","","","","","","","","","","",""
"null","","rt_thecrossant_black","863629","","black_plus_sign","","","","null","","","1","0.9888888888888889","","","","","","","","","","","","","","","","","","","","","",""
"null","","color_black","863733","","black_plus_sign","","","","null","","","","","","","","","","","","","","","","","","","","","","","","","",""
"null","","learn_phase(without_color)","866738","","black_plus_sign","","","","null","GW/soldier.jpg","GW/camera.jpg","","","","","","","","","","","","","","","","","","","","","","","",""
"null","","black_cross(without_color)","867675","","green","","","","null","GW/soldier.jpg","GW/camera.jpg","","","","","","","","","","","","","","","","","","","","","","","",""
"477.89999999990687","","rt_plussign_withcolor","868179","","green","","","","50","GW/soldier.jpg","GW/camera.jpg","","","","","","","","","","","","","","","","","","","","","","","",""
"null","","rt_thecrossant_black","869248","","black_plus_sign","","","","null","","","1","0.989010989010989","","","","","","","","","","","","","","","","","","","","","",""
"null","","color_black","869352","","black_plus_sign","","","","null","","","","","","","","","","","","","","","","","","","","","","","","","",""
"null","","learn_phase(without_color)","872356","","black_plus_sign","","","","null","GW/teeth.jpg","GW/snail.jpg","","","","","","","","","","","","","","","","","","","","","","","",""
"null","","black_cross(without_color)","873333","","blue","","","","null","GW/teeth.jpg","GW/snail.jpg","","","","","","","","","","","","","","","","","","","","","","","",""
"500.69999999995343","","rt_plussign_withcolor","873837","","blue","","","","49","GW/teeth.jpg","GW/snail.jpg","","","","","","","","","","","","","","","","","","","","","","","",""
"null","","rt_thecrossant_black","874866","","black_plus_sign","","","","null","","","1","0.9891304347826086","","","","","","","","","","","","","","","","","","","","","",""
"null","","color_black","874970","","black_plus_sign","","","","null","","","","","","","","","","","","","","","","","","","","","","","","","",""
"null","","learn_phase(without_color)","877974","","black_plus_sign","","","","null","GW/camera.jpg","GW/soldier.jpg","","","","","","","","","","","","","","","","","","","","","","","",""
"null","","black_cross(without_color)","879021","","blue","","","","null","GW/camera.jpg","GW/soldier.jpg","","","","","","","","","","","","","","","","","","","","","","","",""
"null","","rt_plussign_withcolor","879524","","blue","","","","null","GW/camera.jpg","GW/soldier.jpg","","","","","","","","","","","","","","","","","","","","","","","",""
"1077.1999999999534","","rt_thecrossant_black","880485","","black_plus_sign","","","","50","","","0","0.978494623655914","","","","","","","","","","","","","","","","","","","","","",""
"null","","color_black","880589","","black_plus_sign","","","","null","","","","","","","","","","","","","","","","","","","","","","","","","",""
"null","","learn_phase(without_color)","883594","","black_plus_sign","","","","null","GW/dustpan.jpg","GW/paint.jpg","","","","","","","","","","","","","","","","","","","","","","","",""
"null","","black_cross(without_color)","884156","","blue","","","","null","GW/dustpan.jpg","GW/paint.jpg","","","","","","","","","","","","","","","","","","","","","","","",""
"476.10000000009313","","rt_plussign_withcolor","884659","","blue","","","","49","GW/dustpan.jpg","GW/paint.jpg","","","","","","","","","","","","","","","","","","","","","","","",""
"null","","rt_thecrossant_black","886104","","black_plus_sign","","","","null","","","1","0.9787234042553191","","","","","","","","","","","","","","","","","","","","","",""
"null","","color_black","886208","","black_plus_sign","","","","null","","","","","","","","","","","","","","","","","","","","","","","","","",""
"null","","learn_phase(without_color)","889212","","black_plus_sign","","","","null","GW/snail.jpg","GW/teeth.jpg","","","","","","","","","","","","","","","","","","","","","","","",""
"null","","black_cross(without_color)","890040","","blue","","","","null","GW/snail.jpg","GW/teeth.jpg","","","","","","","","","","","","","","","","","","","","","","","",""
"455.69999999995343","","rt_plussign_withcolor","890543","","blue","","","","49","GW/snail.jpg","GW/teeth.jpg","","","","","","","","","","","","","","","","","","","","","","","",""
"null","","rt_thecrossant_black","891723","","black_plus_sign","","","","null","","","1","0.9789473684210527","","","","","","","","","","","","","","","","","","","","","",""
"null","","color_black","891827","","black_plus_sign","","","","null","","","","","","","","","","","","","","","","","","","","","","","","","",""
"null","","learn_phase(without_color)","894832","","black_plus_sign","","","","null","GW/camera.jpg","GW/soldier.jpg","","","","","","","","","","","","","","","","","","","","","","","",""
"null","","black_cross(without_color)","895391","","blue","","","","null","GW/camera.jpg","GW/soldier.jpg","","","","","","","","","","","","","","","","","","","","","","","",""
"null","","rt_plussign_withcolor","895895","","blue","","","","null","GW/camera.jpg","GW/soldier.jpg","","","","","","","","","","","","","","","","","","","","","","","",""
"986.8000000000466","","rt_thecrossant_black","897343","","black_plus_sign","","","","49","","","1","0.9791666666666666","","","","","","","","","","","","","","","","","","","","","",""
"null","","color_black","897447","","black_plus_sign","","","","null","","","","","","","","","","","","","","","","","","","","","","","","","",""
"null","","learn_phase(without_color)","900452","","black_plus_sign","","","","null","GW/gong.jpg","GW/camera.jpg","","","","","","","","","","","","","","","","","","","","","","","",""
"null","","black_cross(without_color)","901443","","green","","","","null","GW/gong.jpg","GW/camera.jpg","","","","","","","","","","","","","","","","","","","","","","","",""
"469.5","","rt_plussign_withcolor","901946","","green","","","","50","GW/gong.jpg","GW/camera.jpg","","","","","","","","","","","","","","","","","","","","","","","",""
"null","","rt_thecrossant_black","902963","","black_plus_sign","","","","null","","","1","0.979381443298969","","","","","","","","","","","","","","","","","","","","","",""
"null","","color_black","903066","","black_plus_sign","","","","null","","","","","","","","","","","","","","","","","","","","","","","","","",""
"null","","learn_phase(without_color)","906071","","black_plus_sign","","","","null","GW/barrel.jpg","GW/dustpan.jpg","","","","","","","","","","","","","","","","","","","","","","","",""
"null","","black_cross(without_color)","906714","","green","","","","null","GW/barrel.jpg","GW/dustpan.jpg","","","","","","","","","","","","","","","","","","","","","","","",""
"473.30000000004657","","rt_plussign_withcolor","907217","","green","","","","50","GW/barrel.jpg","GW/dustpan.jpg","","","","","","","","","","","","","","","","","","","","","","","",""
"null","","rt_thecrossant_black","908582","","black_plus_sign","","","","null","","","1","0.9795918367346939","","","","","","","","","","","","","","","","","","","","","",""
"null","","color_black","908685","","black_plus_sign","","","","null","","","","","","","","","","","","","","","","","","","","","","","","","",""
"null","","learn_phase(without_color)","911690","","black_plus_sign","","","","null","GW/jukebox.jpg","GW/basket.jpg","","","","","","","","","","","","","","","","","","","","","","","",""
"null","","black_cross(without_color)","912287","","green","","","","null","GW/jukebox.jpg","GW/basket.jpg","","","","","","","","","","","","","","","","","","","","","","","",""
"null","","rt_plussign_withcolor","912790","","green","","","","null","GW/jukebox.jpg","GW/basket.jpg","","","","","","","","","","","","","","","","","","","","","","","",""
"838.4000000001397","","rt_thecrossant_black","914200","","black_plus_sign","","","","50","","","1","0.9797979797979798","","","","","","","","","","","","","","","","","","","","","",""
"null","","color_black","914304","","black_plus_sign","","","","null","","","","","","","","","","","","","","","","","","","","","","","","","",""
"null","","learn_phase(without_color)","917308","","black_plus_sign","","","","null","GW/gong.jpg","GW/camera.jpg","","","","","","","","","","","","","","","","","","","","","","","",""
"null","","black_cross(without_color)","917851","","blue","","","","null","GW/gong.jpg","GW/camera.jpg","","","","","","","","","","","","","","","","","","","","","","","",""
"null","","rt_plussign_withcolor","918354","","blue","","","","null","GW/gong.jpg","GW/camera.jpg","","","","","","","","","","","","","","","","","","","","","","","",""
"711.5","","rt_thecrossant_black","919819","","black_plus_sign","","","","49","","","1","0.98","","","","","","","","","","","","","","","","","","","","","",""
"null","","color_black","919922","","black_plus_sign","","","","null","","","","","","","","","","","","","","","","","","","","","","","","","",""
"null","","learn_phase(without_color)","922926","","black_plus_sign","","","","null","GW/barrel.jpg","GW/dustpan.jpg","","","","","","","","","","","","","","","","","","","","","","","",""
"null","","black_cross(without_color)","923390","","green","","","","null","GW/barrel.jpg","GW/dustpan.jpg","","","","","","","","","","","","","","","","","","","","","","","",""
"null","","rt_plussign_withcolor","923893","","green","","","","null","GW/barrel.jpg","GW/dustpan.jpg","","","","","","","","","","","","","","","","","","","","","","","",""
"760.5","","rt_thecrossant_black","925435","","black_plus_sign","","","","50","","","1","0.9801980198019802","","","","","","","","","","","","","","","","","","","","","",""
"null","","color_black","925539","","black_plus_sign","","","","null","","","","","","","","","","","","","","","","","","","","","","","","","",""
"null","","learn_phase(without_color)","928543","","black_plus_sign","","","","null","GW/basket.jpg","GW/jukebox.jpg","","","","","","","","","","","","","","","","","","","","","","","",""
"null","","black_cross(without_color)","929006","","blue","","","","null","GW/basket.jpg","GW/jukebox.jpg","","","","","","","","","","","","","","","","","","","","","","","",""
"null","","rt_plussign_withcolor","929510","","blue","","","","null","GW/basket.jpg","GW/jukebox.jpg","","","","","","","","","","","","","","","","","","","","","","","",""
"751.0999999998603","","rt_thecrossant_black","931054","","black_plus_sign","","","","49","","","1","0.9803921568627451","","","","","","","","","","","","","","","","","","","","","",""
"null","","color_black","931159","","black_plus_sign","","","","null","","","","","","","","","","","","","","","","","","","","","","","","","",""
"null","","learn_phase(without_color)","934164","","black_plus_sign","","","","null","GW/gong.jpg","GW/camera.jpg","","","","","","","","","","","","","","","","","","","","","","","",""
"null","","black_cross(without_color)","934913","","green","","","","null","GW/gong.jpg","GW/camera.jpg","","","","","","","","","","","","","","","","","","","","","","","",""
"null","","rt_plussign_withcolor","935416","","green","","","","null","GW/gong.jpg","GW/camera.jpg","","","","","","","","","","","","","","","","","","","","","","","",""
"614","","rt_thecrossant_black","936674","","black_plus_sign","","","","50","","","1","0.9805825242718447","","","","","","","","","","","","","","","","","","","","","",""
"null","","color_black","936778","","black_plus_sign","","","","null","","","","","","","","","","","","","","","","","","","","","","","","","",""
"null","","learn_phase(without_color)","939784","","black_plus_sign","","","","null","GW/barrel.jpg","GW/dustpan.jpg","","","","","","","","","","","","","","","","","","","","","","","",""
"null","","black_cross(without_color)","940546","","blue","","","","null","GW/barrel.jpg","GW/dustpan.jpg","","","","","","","","","","","","","","","","","","","","","","","",""
"482.30000000004657","","rt_plussign_withcolor","941049","","blue","","","","49","GW/barrel.jpg","GW/dustpan.jpg","","","","","","","","","","","","","","","","","","","","","","","",""
"null","","rt_thecrossant_black","942294","","black_plus_sign","","","","null","","","1","0.9807692307692307","","","","","","","","","","","","","","","","","","","","","",""
"null","","color_black","942398","","black_plus_sign","","","","null","","","","","","","","","","","","","","","","","","","","","","","","","",""
"null","","learn_phase(without_color)","945404","","black_plus_sign","","","","null","GW/jukebox.jpg","GW/basket.jpg","","","","","","","","","","","","","","","","","","","","","","","",""
"null","","black_cross(without_color)","946025","","green","","","","null","GW/jukebox.jpg","GW/basket.jpg","","","","","","","","","","","","","","","","","","","","","","","",""
"469.5999999998603","","rt_plussign_withcolor","946528","","green","","","","50","GW/jukebox.jpg","GW/basket.jpg","","","","","","","","","","","","","","","","","","","","","","","",""
"null","","rt_thecrossant_black","947914","","black_plus_sign","","","","null","","","1","0.9809523809523809","","","","","","","","","","","","","","","","","","","","","",""
"null","","color_black","948019","","black_plus_sign","","","","null","","","","","","","","","","","","","","","","","","","","","","","","","",""
"null","","learn_phase(without_color)","951023","","black_plus_sign","","","","null","GW/camera.jpg","GW/gong.jpg","","","","","","","","","","","","","","","","","","","","","","","",""
"null","","black_cross(without_color)","952025","","green","","","","null","GW/camera.jpg","GW/gong.jpg","","","","","","","","","","","","","","","","","","","","","","","",""
"null","","rt_plussign_withcolor","952528","","green","","","","null","GW/camera.jpg","GW/gong.jpg","","","","","","","","","","","","","","","","","","","","","","","",""
"1140.6000000000931","","rt_thecrossant_black","953534","","black_plus_sign","","","","50","","","1","0.9811320754716981","","","","","","","","","","","","","","","","","","","","","",""
"null","","color_black","953637","","black_plus_sign","","","","null","","","","","","","","","","","","","","","","","","","","","","","","","",""
"null","","learn_phase(without_color)","956643","","black_plus_sign","","","","null","GW/snail.jpg","GW/paint.jpg","","","","","","","","","","","","","","","","","","","","","","","",""
"null","","black_cross(without_color)","957252","","green","","","","null","GW/snail.jpg","GW/paint.jpg","","","","","","","","","","","","","","","","","","","","","","","",""
"null","","rt_plussign_withcolor","957756","","green","","","","null","GW/snail.jpg","GW/paint.jpg","","","","","","","","","","","","","","","","","","","","","","","",""
"1163.8999999999069","","rt_thecrossant_black","959155","","black_plus_sign","","","","50","","","1","0.9813084112149533","","","","","","","","","","","","","","","","","","","","","",""
"null","","color_black","959259","","black_plus_sign","","","","null","","","","","","","","","","","","","","","","","","","","","","","","","",""
"null","","learn_phase(without_color)","962263","","black_plus_sign","","","","null","GW/camera.jpg","GW/gong.jpg","","","","","","","","","","","","","","","","","","","","","","","",""
"null","","black_cross(without_color)","963145","","blue","","","","null","GW/camera.jpg","GW/gong.jpg","","","","","","","","","","","","","","","","","","","","","","","",""
"463.80000000004657","","rt_plussign_withcolor","963649","","blue","","","","49","GW/camera.jpg","GW/gong.jpg","","","","","","","","","","","","","","","","","","","","","","","",""
"null","","rt_thecrossant_black","964774","","black_plus_sign","","","","null","","","1","0.9814814814814815","","","","","","","","","","","","","","","","","","","","","",""
"null","","color_black","964877","","black_plus_sign","","","","null","","","","","","","","","","","","","","","","","","","","","","","","","",""
"null","","learn_phase(without_color)","967882","","black_plus_sign","","","","null","GW/jukebox.jpg","GW/basket.jpg","","","","","","","","","","","","","","","","","","","","","","","",""
"null","","black_cross(without_color)","968578","","blue","","","","null","GW/jukebox.jpg","GW/basket.jpg","","","","","","","","","","","","","","","","","","","","","","","",""
"null","","rt_plussign_withcolor","969081","","blue","","","","null","GW/jukebox.jpg","GW/basket.jpg","","","","","","","","","","","","","","","","","","","","","","","",""
"null","","rt_thecrossant_black","970393","","black_plus_sign","","","","null","","","","0.9814814814814815","","","","","","","","","","","","","","","","","","","","","",""
"null","","color_black","970497","","black_plus_sign","","","","null","","","","","","","","","","","","","","","","","","","","","","","","","",""
"null","","learn_phase(without_color)","973502","","black_plus_sign","","","","null","GW/paint.jpg","GW/snail.jpg","","","","","","","","","","","","","","","","","","","","","","","",""
"null","","black_cross(without_color)","973926","","blue","","","","null","GW/paint.jpg","GW/snail.jpg","","","","","","","","","","","","","","","","","","","","","","","",""
"493.80000000004657","","rt_plussign_withcolor","974430","","blue","","","","49","GW/paint.jpg","GW/snail.jpg","","","","","","","","","","","","","","","","","","","","","","","",""
"null","","rt_thecrossant_black","976013","","black_plus_sign","","","","null","","","1","0.981651376146789","","","","","","","","","","","","","","","","","","","","","",""
"null","","color_black","976117","","black_plus_sign","","","","null","","","","","","","","","","","","","","","","","","","","","","","","","",""
"null","","learn_phase(without_color)","979123","","black_plus_sign","","","","null","GW/jukebox.jpg","GW/basket.jpg","","","","","","","","","","","","","","","","","","","","","","","",""
"null","","black_cross(without_color)","979917","","blue","","","","null","GW/jukebox.jpg","GW/basket.jpg","","","","","","","","","","","","","","","","","","","","","","","",""
"null","","rt_plussign_withcolor","980420","","blue","","","","null","GW/jukebox.jpg","GW/basket.jpg","","","","","","","","","","","","","","","","","","","","","","","",""
"577.5","","rt_thecrossant_black","981634","","black_plus_sign","","","","49","","","1","0.9818181818181818","","","","","","","","","","","","","","","","","","","","","",""
"null","","color_black","981738","","black_plus_sign","","","","null","","","","","","","","","","","","","","","","","","","","","","","","","",""
"null","","learn_phase(without_color)","984742","","black_plus_sign","","","","null","GW/paint.jpg","GW/snail.jpg","","","","","","","","","","","","","","","","","","","","","","","",""
"null","","black_cross(without_color)","985429","","blue","","","","null","GW/paint.jpg","GW/snail.jpg","","","","","","","","","","","","","","","","","","","","","","","",""
"433.5999999998603","","rt_plussign_withcolor","985932","","blue","","","","49","GW/paint.jpg","GW/snail.jpg","","","","","","","","","","","","","","","","","","","","","","","",""
"null","","rt_thecrossant_black","987253","","black_plus_sign","","","","null","","","1","0.9819819819819819","","","","","","","","","","","","","","","","","","","","","",""
"null","","color_black","987357","","black_plus_sign","","","","null","","","","","","","","","","","","","","","","","","","","","","","","","",""
"null","","learn_phase(without_color)","990362","","black_plus_sign","","","","null","GW/basket.jpg","GW/jukebox.jpg","","","","","","","","","","","","","","","","","","","","","","","",""
"null","","black_cross(without_color)","991215","","blue","","","","null","GW/basket.jpg","GW/jukebox.jpg","","","","","","","","","","","","","","","","","","","","","","","",""
"372.39999999990687","","rt_plussign_withcolor","991718","","blue","","","","49","GW/basket.jpg","GW/jukebox.jpg","","","","","","","","","","","","","","","","","","","","","","","",""
"null","","rt_thecrossant_black","992874","","black_plus_sign","","","","null","","","1","0.9821428571428571","","","","","","","","","","","","","","","","","","","","","",""
"null","","color_black","992977","","black_plus_sign","","","","null","","","","","","","","","","","","","","","","","","","","","","","","","",""
"null","","learn_phase(without_color)","995982","","black_plus_sign","","","","null","GW/paint.jpg","GW/snail.jpg","","","","","","","","","","","","","","","","","","","","","","","",""
"null","","black_cross(without_color)","997063","","green","","","","null","GW/paint.jpg","GW/snail.jpg","","","","","","","","","","","","","","","","","","","","","","","",""
"null","","rt_plussign_withcolor","997566","","green","","","","null","GW/paint.jpg","GW/snail.jpg","","","","","","","","","","","","","","","","","","","","","","","",""
"1208.8000000000466","","rt_thecrossant_black","998494","","black_plus_sign","","","","50","","","1","0.9823008849557522","","","","","","","","","","","","","","","","","","","","","",""
"null","","color_black","998598","","black_plus_sign","","","","null","","","","","","","","","","","","","","","","","","","","","","","","","",""
"null","","learn_phase(without_color)","1001603","","black_plus_sign","","","","null","GW/basket.jpg","GW/jukebox.jpg","","","","","","","","","","","","","","","","","","","","","","","",""
"null","","black_cross(without_color)","1002202","","blue","","","","null","GW/basket.jpg","GW/jukebox.jpg","","","","","","","","","","","","","","","","","","","","","","","",""
"481.69999999995343","","rt_plussign_withcolor","1002705","","blue","","","","49","GW/basket.jpg","GW/jukebox.jpg","","","","","","","","","","","","","","","","","","","","","","","",""
"null","","rt_thecrossant_black","1004113","","black_plus_sign","","","","null","","","1","0.9824561403508771","","","","","","","","","","","","","","","","","","","","","",""
"null","","color_black","1004217","","black_plus_sign","","","","null","","","","","","","","","","","","","","","","","","","","","","","","","",""
"null","","learn_phase(without_color)","1007222","","black_plus_sign","","","","null","GW/snail.jpg","GW/paint.jpg","","","","","","","","","","","","","","","","","","","","","","","",""
"null","","black_cross(without_color)","1007656","","green","","","","null","GW/snail.jpg","GW/paint.jpg","","","","","","","","","","","","","","","","","","","","","","","",""
"null","","rt_plussign_withcolor","1008159","","green","","","","null","GW/snail.jpg","GW/paint.jpg","","","","","","","","","","","","","","","","","","","","","","","",""
"785.5","","rt_thecrossant_black","1009733","","black_plus_sign","","","","50","","","1","0.9826086956521739","","","","","","","","","","","","","","","","","","","","","",""
"null","","color_black","1009837","","black_plus_sign","","","","null","","","","","","","","","","","","","","","","","","","","","","","","","",""
"null","","learn_phase(without_color)","1012842","","black_plus_sign","","","","null","GW/camera.jpg","GW/gong.jpg","","","","","","","","","","","","","","","","","","","","","","","",""
"null","","black_cross(without_color)","1013350","","blue","","","","null","GW/camera.jpg","GW/gong.jpg","","","","","","","","","","","","","","","","","","","","","","","",""
"null","","rt_plussign_withcolor","1013852","","blue","","","","null","GW/camera.jpg","GW/gong.jpg","","","","","","","","","","","","","","","","","","","","","","","",""
"530.1999999999534","","rt_thecrossant_black","1015352","","black_plus_sign","","","","49","","","1","0.9827586206896551","","","","","","","","","","","","","","","","","","","","","",""
"null","","color_black","1015456","","black_plus_sign","","","","null","","","","","","","","","","","","","","","","","","","","","","","","","",""
"null","","learn_phase(without_color)","1018461","","black_plus_sign","","","","null","GW/dustpan.jpg","GW/barrel.jpg","","","","","","","","","","","","","","","","","","","","","","","",""
"null","","black_cross(without_color)","1019510","","green","","","","null","GW/dustpan.jpg","GW/barrel.jpg","","","","","","","","","","","","","","","","","","","","","","","",""
"456.30000000004657","","rt_plussign_withcolor","1020013","","green","","","","50","GW/dustpan.jpg","GW/barrel.jpg","","","","","","","","","","","","","","","","","","","","","","","",""
"null","","rt_thecrossant_black","1020973","","black_plus_sign","","","","null","","","1","0.9829059829059829","","","","","","","","","","","","","","","","","","","","","",""
"null","","color_black","1021077","","black_plus_sign","","","","null","","","","","","","","","","","","","","","","","","","","","","","","","",""
"null","","learn_phase(without_color)","1024083","","black_plus_sign","","","","null","GW/paint.jpg","GW/snail.jpg","","","","","","","","","","","","","","","","","","","","","","","",""
"null","","black_cross(without_color)","1024527","","blue","","","","null","GW/paint.jpg","GW/snail.jpg","","","","","","","","","","","","","","","","","","","","","","","",""
"463.10000000009313","","rt_plussign_withcolor","1025030","","blue","","","","49","GW/paint.jpg","GW/snail.jpg","","","","","","","","","","","","","","","","","","","","","","","",""
"null","","rt_thecrossant_black","1026594","","black_plus_sign","","","","null","","","1","0.9830508474576272","","","","","","","","","","","","","","","","","","","","","",""
"null","","color_black","1026699","","black_plus_sign","","","","null","","","","","","","","","","","","","","","","","","","","","","","","","",""
"null","","learn_phase(without_color)","1029704","","black_plus_sign","","","","null","GW/gong.jpg","GW/camera.jpg","","","","","","","","","","","","","","","","","","","","","","","",""
"null","","black_cross(without_color)","1030796","","green","","","","null","GW/gong.jpg","GW/camera.jpg","","","","","","","","","","","","","","","","","","","","","","","",""
"442.80000000004657","","rt_plussign_withcolor","1031299","","green","","","","50","GW/gong.jpg","GW/camera.jpg","","","","","","","","","","","","","","","","","","","","","","","",""
"null","","rt_thecrossant_black","1032215","","black_plus_sign","","","","null","","","1","0.9831932773109243","","","","","","","","","","","","","","","","","","","","","",""
"null","","color_black","1032319","","black_plus_sign","","","","null","","","","","","","","","","","","","","","","","","","","","","","","","",""
"null","","learn_phase(without_color)","1035324","","black_plus_sign","","","","null","GW/snail.jpg","GW/paint.jpg","","","","","","","","","","","","","","","","","","","","","","","",""
"null","","black_cross(without_color)","1035927","","green","","","","null","GW/snail.jpg","GW/paint.jpg","","","","","","","","","","","","","","","","","","","","","","","",""
"474.30000000004657","","rt_plussign_withcolor","1036430","","green","","","","50","GW/snail.jpg","GW/paint.jpg","","","","","","","","","","","","","","","","","","","","","","","",""
"null","","rt_thecrossant_black","1037835","","black_plus_sign","","","","null","","","1","0.9833333333333333","","","","","","","","","","","","","","","","","","","","","",""
"null","","color_black","1037940","","black_plus_sign","","","","null","","","","","","","","","","","","","","","","","","","","","","","","","",""
"null","","learn_phase(without_color)","1040944","","black_plus_sign","","","","null","GW/barrel.jpg","GW/dustpan.jpg","","","","","","","","","","","","","","","","","","","","","","","",""
"null","","black_cross(without_color)","1042046","","blue","","","","null","GW/barrel.jpg","GW/dustpan.jpg","","","","","","","","","","","","","","","","","","","","","","","",""
"454.30000000004657","","rt_plussign_withcolor","1042550","","blue","","","","49","GW/barrel.jpg","GW/dustpan.jpg","","","","","","","","","","","","","","","","","","","","","","","",""
"null","","rt_thecrossant_black","1043456","","black_plus_sign","","","","null","","","1","0.9834710743801653","","","","","","","","","","","","","","","","","","","","","",""
"null","","color_black","1043560","","black_plus_sign","","","","null","","","","","","","","","","","","","","","","","","","","","","","","","",""
"null","","learn_phase(without_color)","1046565","","black_plus_sign","","","","null","GW/gong.jpg","GW/camera.jpg","","","","","","","","","","","","","","","","","","","","","","","",""
"null","","black_cross(without_color)","1047284","","green","","","","null","GW/gong.jpg","GW/camera.jpg","","","","","","","","","","","","","","","","","","","","","","","",""
"null","","rt_plussign_withcolor","1047787","","green","","","","null","GW/gong.jpg","GW/camera.jpg","","","","","","","","","","","","","","","","","","","","","","","",""
"1416.6999999999534","","rt_thecrossant_black","1049077","","black_plus_sign","","","","49","","","0","0.9754098360655737","","","","","","","","","","","","","","","","","","","","","",""
"null","","color_black","1049181","","black_plus_sign","","","","null","","","","","","","","","","","","","","","","","","","","","","","","","",""
"null","","learn_phase(without_color)","1052186","","black_plus_sign","","","","null","GW/dustpan.jpg","GW/barrel.jpg","","","","","","","","","","","","","","","","","","","","","","","",""
"null","","black_cross(without_color)","1053073","","blue","","","","null","GW/dustpan.jpg","GW/barrel.jpg","","","","","","","","","","","","","","","","","","","","","","","",""
"null","","rt_plussign_withcolor","1053576","","blue","","","","null","GW/dustpan.jpg","GW/barrel.jpg","","","","","","","","","","","","","","","","","","","","","","","",""
"997","","rt_thecrossant_black","1054696","","black_plus_sign","","","","49","","","1","0.975609756097561","","","","","","","","","","","","","","","","","","","","","",""
"null","","color_black","1054800","","black_plus_sign","","","","null","","","","","","","","","","","","","","","","","","","","","","","","","",""
"null","","learn_phase(without_color)","1057805","","black_plus_sign","","","","null","GW/paint.jpg","GW/snail.jpg","","","","","","","","","","","","","","","","","","","","","","","",""
"null","","black_cross(without_color)","1058468","","blue","","","","null","GW/paint.jpg","GW/snail.jpg","","","","","","","","","","","","","","","","","","","","","","","",""
"null","","rt_plussign_withcolor","1058970","","blue","","","","null","GW/paint.jpg","GW/snail.jpg","","","","","","","","","","","","","","","","","","","","","","","",""
"1007.3000000000466","","rt_thecrossant_black","1060315","","black_plus_sign","","","","49","","","1","0.9758064516129032","","","","","","","","","","","","","","","","","","","","","",""
"null","","color_black","1060419","","black_plus_sign","","","","null","","","","","","","","","","","","","","","","","","","","","","","","","",""
"null","","learn_phase(without_color)","1063424","","black_plus_sign","","","","null","GW/barrel.jpg","GW/dustpan.jpg","","","","","","","","","","","","","","","","","","","","","","","",""
"null","","black_cross(without_color)","1064301","","blue","","","","null","GW/barrel.jpg","GW/dustpan.jpg","","","","","","","","","","","","","","","","","","","","","","","",""
"null","","rt_plussign_withcolor","1064804","","blue","","","","null","GW/barrel.jpg","GW/dustpan.jpg","","","","","","","","","","","","","","","","","","","","","","","",""
"938","","rt_thecrossant_black","1065936","","black_plus_sign","","","","49","","","1","0.976","","","","","","","","","","","","","","","","","","","","","",""
"null","","color_black","1066040","","black_plus_sign","","","","null","","","","","","","","","","","","","","","","","","","","","","","","","",""
"null","","learn_phase(without_color)","1069045","","black_plus_sign","","","","null","GW/dustpan.jpg","GW/barrel.jpg","","","","","","","","","","","","","","","","","","","","","","","",""
"null","","black_cross(without_color)","1069483","","blue","","","","null","GW/dustpan.jpg","GW/barrel.jpg","","","","","","","","","","","","","","","","","","","","","","","",""
"null","","rt_plussign_withcolor","1069986","","blue","","","","null","GW/dustpan.jpg","GW/barrel.jpg","","","","","","","","","","","","","","","","","","","","","","","",""
"null","","rt_thecrossant_black","1071556","","black_plus_sign","","","","null","","","","0.976","","","","","","","","","","","","","","","","","","","","","",""
"null","","color_black","1071660","","black_plus_sign","","","","null","","","","","","","","","","","","","","","","","","","","","","","","","",""
"null","","learn_phase(without_color)","1074665","","black_plus_sign","","","","null","GW/jukebox.jpg","GW/basket.jpg","","","","","","","","","","","","","","","","","","","","","","","",""
"null","","black_cross(without_color)","1075732","","blue","","","","null","GW/jukebox.jpg","GW/basket.jpg","","","","","","","","","","","","","","","","","","","","","","","",""
"null","","rt_plussign_withcolor","1076235","","blue","","","","null","GW/jukebox.jpg","GW/basket.jpg","","","","","","","","","","","","","","","","","","","","","","","",""
"631.1000000000931","","rt_thecrossant_black","1077176","","black_plus_sign","","","","49","","","1","0.9761904761904762","","","","","","","","","","","","","","","","","","","","","",""
"null","","color_black","1077280","","black_plus_sign","","","","null","","","","","","","","","","","","","","","","","","","","","","","","","",""
"8579.899999999907","","intro_1","1085864","","instruct","","0","Start","","","","","","","","","","","","","","","","","","","","","","","","","","",""
"2539.899999999907","","directmemory_phase","1088407","","GW/basket.jpg","","","","49","","","1","1","GW/jukebox.jpg","GW/snail.jpg","GW/paint.jpg","GW/jukebox.jpg","GW/paint.jpg","GW/snail.jpg","1","","","","","","","","","","","","","","",""
"null","","html-keyboard-response","1089412","","<p></p>","","","","null","","","","","","","","","","","","","","","","","","","","","","","","","",""
"979.8000000000466","","directmemory_phase","1090394","","GW/hat.jpg","","","","50","","","1","1","GW/dustpan.jpg","GW/barrel.jpg","GW/snail.jpg","GW/barrel.jpg","GW/dustpan.jpg","GW/snail.jpg","1","","","","","","","","","","","","","","",""
"null","","html-keyboard-response","1091398","","<p></p>","","","","null","","","","","","","","","","","","","","","","","","","","","","","","","",""
"1064","","directmemory_phase","1092465","","GW/jukebox.jpg","","","","51","","","1","1","GW/gong.jpg","GW/barrel.jpg","GW/basket.jpg","GW/basket.jpg","GW/barrel.jpg","GW/gong.jpg","1","","","","","","","","","","","","","","",""
"null","","html-keyboard-response","1093469","","<p></p>","","","","null","","","","","","","","","","","","","","","","","","","","","","","","","",""
"1996.8000000000466","","directmemory_phase","1095468","","GW/soldier.jpg","","","","50","","","1","1","GW/teeth.jpg","GW/camera.jpg","GW/barrel.jpg","GW/camera.jpg","GW/teeth.jpg","GW/barrel.jpg","1","","","","","","","","","","","","","","",""
"null","","html-keyboard-response","1096472","","<p></p>","","","","null","","","","","","","","","","","","","","","","","","","","","","","","","",""
"1111.3000000000466","","directmemory_phase","1097585","","GW/paint.jpg","","","","49","","","1","1","GW/snail.jpg","GW/gong.jpg","GW/soldier.jpg","GW/snail.jpg","GW/soldier.jpg","GW/gong.jpg","1","","","","","","","","","","","","","","",""
"null","","html-keyboard-response","1098589","","<p></p>","","","","null","","","","","","","","","","","","","","","","","","","","","","","","","",""
"940.1999999999534","","directmemory_phase","1099531","","GW/camera.jpg","","","","49","","","1","1","GW/wheelchair.jpg","GW/barrel.jpg","GW/teeth.jpg","GW/wheelchair.jpg","GW/teeth.jpg","GW/barrel.jpg","1","","","","","","","","","","","","","","",""
"null","","html-keyboard-response","1100535","","<p></p>","","","","null","","","","","","","","","","","","","","","","","","","","","","","","","",""
"1501.1999999999534","","directmemory_phase","1102038","","GW/teeth.jpg","","","","51","","","1","1","GW/jukebox.jpg","GW/camera.jpg","GW/gong.jpg","GW/gong.jpg","GW/camera.jpg","GW/jukebox.jpg","1","","","","","","","","","","","","","","",""
"null","","html-keyboard-response","1103042","","<p></p>","","","","null","","","","","","","","","","","","","","","","","","","","","","","","","",""
"1127","","directmemory_phase","1104171","","GW/dustpan.jpg","","","","51","","","1","1","GW/camera.jpg","GW/snail.jpg","GW/paint.jpg","GW/paint.jpg","GW/snail.jpg","GW/camera.jpg","1","","","","","","","","","","","","","","",""
"null","","html-keyboard-response","1105175","","<p></p>","","","","null","","","","","","","","","","","","","","","","","","","","","","","","","",""
"1937.5","","directmemory_phase","1107115","","GW/gong.jpg","","","","49","","","1","1","GW/teeth.jpg","GW/basket.jpg","GW/dustpan.jpg","GW/teeth.jpg","GW/dustpan.jpg","GW/basket.jpg","1","","","","","","","","","","","","","","",""
"null","","html-keyboard-response","1108119","","<p></p>","","","","null","","","","","","","","","","","","","","","","","","","","","","","","","",""
"1976.6000000000931","","directmemory_phase","1110097","","GW/dustpan.jpg","","","","51","","","1","1","GW/camera.jpg","GW/hat.jpg","GW/barrel.jpg","GW/barrel.jpg","GW/hat.jpg","GW/camera.jpg","1","","","","","","","","","","","","","","",""
"null","","html-keyboard-response","1111100","","<p></p>","","","","null","","","","","","","","","","","","","","","","","","","","","","","","","",""
"1265.3999999999069","","directmemory_phase","1112368","","GW/snail.jpg","","","","51","","","1","1","GW/hat.jpg","GW/camera.jpg","GW/paint.jpg","GW/paint.jpg","GW/camera.jpg","GW/hat.jpg","1","","","","","","","","","","","","","","",""
"null","","html-keyboard-response","1113372","","<p></p>","","","","null","","","","","","","","","","","","","","","","","","","","","","","","","",""
"2427.899999999907","","directmemory_phase","1115801","","GW/gong.jpg","","","","50","","","1","1","GW/wheelchair.jpg","GW/camera.jpg","GW/globe.jpg","GW/camera.jpg","GW/wheelchair.jpg","GW/globe.jpg","1","","","","","","","","","","","","","","",""
"null","","html-keyboard-response","1116805","","<p></p>","","","","null","","","","","","","","","","","","","","","","","","","","","","","","","",""
"1664.3999999999069","","directmemory_phase","1118471","","GW/teeth.jpg","","","","50","","","1","1","GW/basket.jpg","GW/dustpan.jpg","GW/hat.jpg","GW/dustpan.jpg","GW/basket.jpg","GW/hat.jpg","1","","","","","","","","","","","","","","",""
"null","","html-keyboard-response","1119475","","<p></p>","","","","null","","","","","","","","","","","","","","","","","","","","","","","","","",""
"2477.5","","directmemory_phase","1121955","","GW/soldier.jpg","","","","49","","","1","1","GW/snail.jpg","GW/hat.jpg","GW/teeth.jpg","GW/snail.jpg","GW/teeth.jpg","GW/hat.jpg","1","","","","","","","","","","","","","","",""
"null","","html-keyboard-response","1122959","","<p></p>","","","","null","","","","","","","","","","","","","","","","","","","","","","","","","",""
"2024.0999999998603","","directmemory_phase","1124985","","GW/barrel.jpg","","","","50","","","1","1","GW/teeth.jpg","GW/dustpan.jpg","GW/globe.jpg","GW/dustpan.jpg","GW/teeth.jpg","GW/globe.jpg","1","","","","","","","","","","","","","","",""
"null","","html-keyboard-response","1125989","","<p></p>","","","","null","","","","","","","","","","","","","","","","","","","","","","","","","",""
"1029.1000000000931","","directmemory_phase","1127020","","GW/globe.jpg","","","","50","","","1","1","GW/snail.jpg","GW/soldier.jpg","GW/barrel.jpg","GW/soldier.jpg","GW/snail.jpg","GW/barrel.jpg","1","","","","","","","","","","","","","","",""
"null","","html-keyboard-response","1128023","","<p></p>","","","","null","","","","","","","","","","","","","","","","","","","","","","","","","",""
"1477.1000000000931","","directmemory_phase","1129502","","GW/paint.jpg","","","","50","","","1","1","GW/teeth.jpg","GW/dustpan.jpg","GW/camera.jpg","GW/dustpan.jpg","GW/teeth.jpg","GW/camera.jpg","1","","","","","","","","","","","","","","",""
"null","","html-keyboard-response","1130506","","<p></p>","","","","null","","","","","","","","","","","","","","","","","","","","","","","","","",""
"1112.1999999999534","","directmemory_phase","1131620","","GW/soldier.jpg","","","","50","","","1","1","GW/gong.jpg","GW/globe.jpg","GW/barrel.jpg","GW/globe.jpg","GW/gong.jpg","GW/barrel.jpg","1","","","","","","","","","","","","","","",""
"null","","html-keyboard-response","1132624","","<p></p>","","","","null","","","","","","","","","","","","","","","","","","","","","","","","","",""
"1542.3000000000466","","directmemory_phase","1134168","","GW/basket.jpg","","","","50","","","1","1","GW/hat.jpg","GW/dustpan.jpg","GW/snail.jpg","GW/dustpan.jpg","GW/hat.jpg","GW/snail.jpg","1","","","","","","","","","","","","","","",""
"null","","html-keyboard-response","1135173","","<p></p>","","","","null","","","","","","","","","","","","","","","","","","","","","","","","","",""
"2056.2999999998137","","directmemory_phase","1137231","","GW/snail.jpg","","","","50","","","1","1","GW/dustpan.jpg","GW/soldier.jpg","GW/basket.jpg","GW/soldier.jpg","GW/dustpan.jpg","GW/basket.jpg","1","","","","","","","","","","","","","","",""
"null","","html-keyboard-response","1138235","","<p></p>","","","","null","","","","","","","","","","","","","","","","","","","","","","","","","",""
"4786.300000000047","","directmemory_phase","1143023","","GW/barrel.jpg","","","","49","","","1","1","GW/basket.jpg","GW/soldier.jpg","GW/snail.jpg","GW/basket.jpg","GW/snail.jpg","GW/soldier.jpg","1","","","","","","","","","","","","","","",""
"null","","html-keyboard-response","1144026","","<p></p>","","","","null","","","","","","","","","","","","","","","","","","","","","","","","","",""
"null","","directmemory_phase","1150529","","GW/teeth.jpg","","","","null","","","0","0.9545454545454546","GW/paint.jpg","GW/snail.jpg","GW/jukebox.jpg","GW/snail.jpg","GW/paint.jpg","GW/jukebox.jpg","0","","","","","","","","","","","","","","",""
"null","","html-keyboard-response","1151534","","<p></p>","","","","null","","","","","","","","","","","","","","","","","","","","","","","","","",""
"3006.9000000001397","","directmemory_phase","1154543","","GW/camera.jpg","","","","49","","","1","0.9565217391304348","GW/soldier.jpg","GW/barrel.jpg","GW/globe.jpg","GW/soldier.jpg","GW/globe.jpg","GW/barrel.jpg","1","","","","","","","","","","","","","","",""
"null","","html-keyboard-response","1155547","","<p></p>","","","","null","","","","","","","","","","","","","","","","","","","","","","","","","",""
"1812.3999999999069","","directmemory_phase","1157361","","GW/barrel.jpg","","","","51","","","1","0.9583333333333334","GW/globe.jpg","GW/snail.jpg","GW/hat.jpg","GW/hat.jpg","GW/snail.jpg","GW/globe.jpg","1","","","","","","","","","","","","","","",""
"null","","html-keyboard-response","1158365","","<p></p>","","","","null","","","","","","","","","","","","","","","","","","","","","","","","","",""
"1592","","directmemory_phase","1159959","","GW/wheelchair.jpg","","","","51","","","1","0.96","GW/snail.jpg","GW/gong.jpg","GW/camera.jpg","GW/camera.jpg","GW/gong.jpg","GW/snail.jpg","1","","","","","","","","","","","","","","",""
"null","","html-keyboard-response","1160964","","<p></p>","","","","null","","","","","","","","","","","","","","","","","","","","","","","","","",""
"2287.600000000093","","directmemory_phase","1163254","","GW/barrel.jpg","","","","51","","","1","0.9615384615384616","GW/gong.jpg","GW/snail.jpg","GW/paint.jpg","GW/paint.jpg","GW/snail.jpg","GW/gong.jpg","1","","","","","","","","","","","","","","",""
"null","","html-keyboard-response","1164259","","<p></p>","","","","null","","","","","","","","","","","","","","","","","","","","","","","","","",""
"1918.1999999999534","","directmemory_phase","1166179","","GW/dustpan.jpg","","","","50","","","1","0.9629629629629629","GW/snail.jpg","GW/teeth.jpg","GW/camera.jpg","GW/teeth.jpg","GW/snail.jpg","GW/camera.jpg","1","","","","","","","","","","","","","","",""
"null","","html-keyboard-response","1167183","","<p></p>","","","","null","","","","","","","","","","","","","","","","","","","","","","","","","",""
"null","","directmemory_phase","1173687","","GW/basket.jpg","","","","null","","","0","0.9285714285714286","GW/soldier.jpg","GW/paint.jpg","GW/barrel.jpg","GW/barrel.jpg","GW/paint.jpg","GW/soldier.jpg","0","","","","","","","","","","","","","","",""
"null","","html-keyboard-response","1174692","","<p></p>","","","","null","","","","","","","","","","","","","","","","","","","","","","","","","",""
"1980.1000000000931","","directmemory_phase","1176674","","GW/camera.jpg","","","","51","","","1","0.9310344827586207","GW/basket.jpg","GW/snail.jpg","GW/gong.jpg","GW/gong.jpg","GW/snail.jpg","GW/basket.jpg","1","","","","","","","","","","","","","","",""
"null","","html-keyboard-response","1177678","","<p></p>","","","","null","","","","","","","","","","","","","","","","","","","","","","","","","",""
"1787.6999999999534","","directmemory_phase","1179468","","GW/dustpan.jpg","","","","51","","","1","0.9333333333333333","GW/camera.jpg","GW/hat.jpg","GW/basket.jpg","GW/basket.jpg","GW/hat.jpg","GW/camera.jpg","1","","","","","","","","","","","","","","",""
"null","","html-keyboard-response","1180472","","<p></p>","","","","null","","","","","","","","","","","","","","","","","","","","","","","","","",""
"1279.5999999998603","","directmemory_phase","1181754","","GW/paint.jpg","","","","49","","","1","0.9354838709677419","GW/barrel.jpg","GW/camera.jpg","GW/teeth.jpg","GW/barrel.jpg","GW/teeth.jpg","GW/camera.jpg","1","","","","","","","","","","","","","","",""
"null","","html-keyboard-response","1182758","","<p></p>","","","","null","","","","","","","","","","","","","","","","","","","","","","","","","",""
"null","","directmemory_phase","1189262","","GW/snail.jpg","","","","null","","","0","0.90625","GW/teeth.jpg","GW/basket.jpg","GW/gong.jpg","GW/teeth.jpg","GW/gong.jpg","GW/basket.jpg","0","","","","","","","","","","","","","","",""
"null","","html-keyboard-response","1190266","","<p></p>","","","","null","","","","","","","","","","","","","","","","","","","","","","","","","",""
"17400.700000000186","","intro_1","1207670","","instruct","","0","","","","","","","","","","","","","","","","","","","","","","","","","","","",""
"50824.60000000009","","intro_2","1258498","","instruct","","1","Next","","","","","","","","","","","","","","","","","","","","","","","","","","",""
"2482.8000000000466","","intro_3","1260985","","instruct","","1","Next","","","","","","","","","","","","","","","","","","","","","","","","","","",""
"3555.1999999999534","","intro_4","1264544","","instruct","","1","Next","","","","","","","","","","","","","","","","","","","","","","","","","","",""
"7824.399999999907","","intro_5","1272372","","instruct","","1","Next","","","","","","","","","","","","","","","","","","","","","","","","","","",""
"5083.5","","intro_6","1277459","","instruct","","1","Next","","","","","","","","","","","","","","","","","","","","","","","","","","",""
"10113.199999999953","","intro_7","1287576","","instruct","","1","Next","","","","","","","","","","","","","","","","","","","","","","","","","","",""
"16173","","intro_8","1303753","","instruct","","1","Next","","","","","","","","","","","","","","","","","","","","","","","","","","",""
"2275.600000000093","","shortestpath_phase","1306032","","GW/globe.jpg","","","","49","GW/paint.jpg","GW/hat.jpg","1","1","","","","GW/paint.jpg","","","","Two Edge Diff","Three Edge Five Edge","","","","","","","","","","","","",""
"null","","html-keyboard-response","1307038","","<p></p>","","","","null","","","","","","","","","","","","","","","","","","","","","","","","","",""
"null","","shortestpath_phase","1314541","","GW/camera.jpg","","","","null","GW/jukebox.jpg","GW/basket.jpg","0","0.5","","","","GW/basket.jpg","","","","One Edge Diff","Four Edge Five Edge","","","","","","","","","","","","",""
"null","","html-keyboard-response","1315546","","<p></p>","","","","null","","","","","","","","","","","","","","","","","","","","","","","","","",""
"5287.300000000047","","shortestpath_phase","1320836","","GW/jukebox.jpg","","","","50","GW/globe.jpg","GW/dustpan.jpg","1","0.6666666666666666","","","","GW/dustpan.jpg","","","","Four Edge Diff","Two Edge Six Edge","","","","","","","","","","","","",""
"null","","html-keyboard-response","1321841","","<p></p>","","","","null","","","","","","","","","","","","","","","","","","","","","","","","","",""
"null","","shortestpath_phase","1329345","","GW/camera.jpg","","","","null","GW/hat.jpg","GW/barrel.jpg","0","0.5","","","","GW/barrel.jpg","","","","One Edge Diff","Four Edge Five Edge","","","","","","","","","","","","",""
"null","","html-keyboard-response","1330350","","<p></p>","","","","null","","","","","","","","","","","","","","","","","","","","","","","","","",""
"3858.8000000000466","","shortestpath_phase","1334211","","GW/jukebox.jpg","","","","50","GW/gong.jpg","GW/hat.jpg","1","0.6","","","","GW/hat.jpg","","","","One Edge Diff","Three Edge Four Edge","","","","","","","","","","","","",""
"null","","html-keyboard-response","1335217","","<p></p>","","","","null","","","","","","","","","","","","","","","","","","","","","","","","","",""
"2040.5","","shortestpath_phase","1337259","","GW/basket.jpg","","","","49","GW/paint.jpg","GW/wheelchair.jpg","1","0.6666666666666666","","","","GW/paint.jpg","","","","Three Edge Diff","Three Edge Six Edge","","","","","","","","","","","","",""
"null","","html-keyboard-response","1338264","","<p></p>","","","","null","","","","","","","","","","","","","","","","","","","","","","","","","",""
"4462.300000000047","","shortestpath_phase","1342728","","GW/jukebox.jpg","","","","50","GW/snail.jpg","GW/wheelchair.jpg","0","0.5714285714285714","","","","GW/snail.jpg","","","","Two Edge Diff","Four Edge Six Edge","","","","","","","","","","","","",""
"null","","html-keyboard-response","1343733","","<p></p>","","","","null","","","","","","","","","","","","","","","","","","","","","","","","","",""
"1719","","shortestpath_phase","1345454","","GW/hat.jpg","","","","50","GW/camera.jpg","GW/paint.jpg","1","0.625","","","","GW/paint.jpg","","","","Three Edge Diff","Three Edge Six Edge","","","","","","","","","","","","",""
"null","","html-keyboard-response","1346459","","<p></p>","","","","null","","","","","","","","","","","","","","","","","","","","","","","","","",""
"3672.399999999907","","shortestpath_phase","1350134","","GW/barrel.jpg","","","","50","GW/globe.jpg","GW/jukebox.jpg","1","0.6666666666666666","","","","GW/jukebox.jpg","","","","Two Edge Diff","Two Edge Four Edge","","","","","","","","","","","","",""
"null","","html-keyboard-response","1351138","","<p></p>","","","","null","","","","","","","","","","","","","","","","","","","","","","","","","",""
"3701.7999999998137","","shortestpath_phase","1354842","","GW/wheelchair.jpg","","","","49","GW/paint.jpg","GW/hat.jpg","1","0.7","","","","GW/paint.jpg","","","","Two Edge Diff","Four Edge Six Edge","","","","","","","","","","","","",""
"null","","html-keyboard-response","1355847","","<p></p>","","","","null","","","","","","","","","","","","","","","","","","","","","","","","","",""
"4021.6999999999534","","shortestpath_phase","1359871","","GW/barrel.jpg","","","","50","GW/wheelchair.jpg","GW/snail.jpg","1","0.7272727272727273","","","","GW/snail.jpg","","","","Three Edge Diff","Two Edge Five Edge","","","","","","","","","","","","",""
"null","","html-keyboard-response","1360875","","<p></p>","","","","null","","","","","","","","","","","","","","","","","","","","","","","","","",""
"3047.5","","shortestpath_phase","1363925","","GW/soldier.jpg","","","","50","GW/jukebox.jpg","GW/teeth.jpg","1","0.75","","","","GW/teeth.jpg","","","","Three Edge Diff","Three Edge Six Edge","","","","","","","","","","","","",""
"null","","html-keyboard-response","1364930","","<p></p>","","","","null","","","","","","","","","","","","","","","","","","","","","","","","","",""
"4633.199999999953","","shortestpath_phase","1369566","","GW/hat.jpg","","","","49","GW/paint.jpg","GW/globe.jpg","1","0.7692307692307693","","","","GW/paint.jpg","","","","Three Edge Diff","Two Edge Five Edge","","","","","","","","","","","","",""
"null","","html-keyboard-response","1370571","","<p></p>","","","","null","","","","","","","","","","","","","","","","","","","","","","","","","",""
"4524","","shortestpath_phase","1375097","","GW/basket.jpg","","","","50","GW/globe.jpg","GW/soldier.jpg","1","0.7857142857142857","","","","GW/soldier.jpg","","","","One Edge Diff","Four Edge Five Edge","","","","","","","","","","","","",""
"null","","html-keyboard-response","1376102","","<p></p>","","","","null","","","","","","","","","","","","","","","","","","","","","","","","","",""
"2069.5999999998603","","shortestpath_phase","1378174","","GW/hat.jpg","","","","50","GW/camera.jpg","GW/dustpan.jpg","1","0.8","","","","GW/dustpan.jpg","","","","Three Edge Diff","Two Edge Five Edge","","","","","","","","","","","","",""
"null","","html-keyboard-response","1379179","","<p></p>","","","","null","","","","","","","","","","","","","","","","","","","","","","","","","",""
"4056.8000000000466","","shortestpath_phase","1383238","","GW/barrel.jpg","","","","50","GW/globe.jpg","GW/soldier.jpg","1","0.8125","","","","GW/soldier.jpg","","","","One Edge Diff","Three Edge Four Edge","","","","","","","","","","","","",""
"null","","html-keyboard-response","1384241","","<p></p>","","","","null","","","","","","","","","","","","","","","","","","","","","","","","","",""
"4073.3000000000466","","shortestpath_phase","1388317","","GW/wheelchair.jpg","","","","50","GW/jukebox.jpg","GW/dustpan.jpg","1","0.8235294117647058","","","","GW/dustpan.jpg","","","","Two Edge Diff","Four Edge Six Edge","","","","","","","","","","","","",""
"null","","html-keyboard-response","1389321","","<p></p>","","","","null","","","","","","","","","","","","","","","","","","","","","","","","","",""
"4288.59999999986","","shortestpath_phase","1393612","","GW/jukebox.jpg","","","","49","GW/barrel.jpg","GW/wheelchair.jpg","1","0.8333333333333334","","","","GW/barrel.jpg","","","","Four Edge Diff","Two Edge Six Edge","","","","","","","","","","","","",""
"null","","html-keyboard-response","1394617","","<p></p>","","","","null","","","","","","","","","","","","","","","","","","","","","","","","","",""
"3347.7000000001863","","shortestpath_phase","1397966","","GW/soldier.jpg","","","","49","GW/jukebox.jpg","GW/wheelchair.jpg","0","0.7894736842105263","","","","GW/wheelchair.jpg","","","","Three Edge Diff","Three Edge Six Edge","","","","","","","","","","","","",""
"null","","html-keyboard-response","1398971","","<p></p>","","","","null","","","","","","","","","","","","","","","","","","","","","","","","","",""
"4195.59999999986","","shortestpath_phase","1403169","","GW/globe.jpg","","","","50","GW/jukebox.jpg","GW/hat.jpg","1","0.8","","","","GW/hat.jpg","","","","One Edge Diff","Five Edge Six Edge","","","","","","","","","","","","",""
"null","","html-keyboard-response","1404173","","<p></p>","","","","null","","","","","","","","","","","","","","","","","","","","","","","","","",""
"5959.800000000047","","shortestpath_phase","1410135","","GW/snail.jpg","","","","49","GW/dustpan.jpg","GW/basket.jpg","1","0.8095238095238095","","","","GW/dustpan.jpg","","","","One Edge Diff","Two Edge Three Edge","","","","","","","","","","","","",""
"null","","html-keyboard-response","1411138","","<p></p>","","","","null","","","","","","","","","","","","","","","","","","","","","","","","","",""
"4217.199999999953","","shortestpath_phase","1415357","","GW/basket.jpg","","","","49","GW/wheelchair.jpg","GW/camera.jpg","0","0.7727272727272727","","","","GW/camera.jpg","","","","One Edge Diff","Four Edge Five Edge","","","","","","","","","","","","",""
"null","","html-keyboard-response","1416362","","<p></p>","","","","null","","","","","","","","","","","","","","","","","","","","","","","","","",""
"4916.899999999907","","shortestpath_phase","1421281","","GW/barrel.jpg","","","","50","GW/camera.jpg","GW/teeth.jpg","1","0.782608695652174","","","","GW/teeth.jpg","","","","Two Edge Diff","Two Edge Four Edge","","","","","","","","","","","","",""
"null","","html-keyboard-response","1422285","","<p></p>","","","","null","","","","","","","","","","","","","","","","","","","","","","","","","",""
"4511.800000000047","","shortestpath_phase","1426799","","GW/wheelchair.jpg","","","","50","GW/basket.jpg","GW/hat.jpg","0","0.75","","","","GW/basket.jpg","","","","One Edge Diff","Five Edge Six Edge","","","","","","","","","","","","",""
"null","","html-keyboard-response","1427803","","<p></p>","","","","null","","","","","","","","","","","","","","","","","","","","","","","","","",""
"3433.4000000001397","","shortestpath_phase","1431239","","GW/camera.jpg","","","","49","GW/teeth.jpg","GW/dustpan.jpg","1","0.76","","","","GW/teeth.jpg","","","","One Edge Diff","Two Edge Three Edge","","","","","","","","","","","","",""
"null","","html-keyboard-response","1432243","","<p></p>","","","","null","","","","","","","","","","","","","","","","","","","","","","","","","",""
"4451.199999999953","","shortestpath_phase","1436697","","GW/basket.jpg","","","","50","GW/globe.jpg","GW/paint.jpg","1","0.7692307692307693","","","","GW/paint.jpg","","","","Three Edge Diff","Three Edge Six Edge","","","","","","","","","","","","",""
"null","","html-keyboard-response","1437701","","<p></p>","","","","null","","","","","","","","","","","","","","","","","","","","","","","","","",""
"4113.800000000047","","shortestpath_phase","1441817","","GW/jukebox.jpg","","","","50","GW/globe.jpg","GW/soldier.jpg","1","0.7777777777777778","","","","GW/soldier.jpg","","","","One Edge Diff","Five Edge Six Edge","","","","","","","","","","","","",""
"null","","html-keyboard-response","1442822","","<p></p>","","","","null","","","","","","","","","","","","","","","","","","","","","","","","","",""
"2971.6999999999534","","shortestpath_phase","1445796","","GW/barrel.jpg","","","","50","GW/wheelchair.jpg","GW/teeth.jpg","1","0.7857142857142857","","","","GW/teeth.jpg","","","","Three Edge Diff","Two Edge Five Edge","","","","","","","","","","","","",""
"null","","html-keyboard-response","1446800","","<p></p>","","","","null","","","","","","","","","","","","","","","","","","","","","","","","","",""
"4659.899999999907","","shortestpath_phase","1451463","","GW/jukebox.jpg","","","","50","GW/soldier.jpg","GW/wheelchair.jpg","0","0.7586206896551724","","","","GW/soldier.jpg","","","","One Edge Diff","Five Edge Six Edge","","","","","","","","","","","","",""
"null","","html-keyboard-response","1452467","","<p></p>","","","","null","","","","","","","","","","","","","","","","","","","","","","","","","",""
"4384.100000000093","","shortestpath_phase","1456854","","GW/basket.jpg","","","","49","GW/globe.jpg","GW/teeth.jpg","0","0.7333333333333333","","","","GW/teeth.jpg","","","","Three Edge Diff","Two Edge Five Edge","","","","","","","","","","","","",""
"null","","html-keyboard-response","1457858","","<p></p>","","","","null","","","","","","","","","","","","","","","","","","","","","","","","","",""
"5029.300000000047","","shortestpath_phase","1462889","","GW/jukebox.jpg","","","","50","GW/globe.jpg","GW/camera.jpg","1","0.7419354838709677","","","","GW/camera.jpg","","","","One Edge Diff","Five Edge Six Edge","","","","","","","","","","","","",""
"null","","html-keyboard-response","1463893","","<p></p>","","","","null","","","","","","","","","","","","","","","","","","","","","","","","","",""
"3461.7000000001863","","shortestpath_phase","1467357","","GW/wheelchair.jpg","","","","50","GW/paint.jpg","GW/snail.jpg","1","0.75","","","","GW/snail.jpg","","","","One Edge Diff","Three Edge Four Edge","","","","","","","","","","","","",""
"null","","html-keyboard-response","1468362","","<p></p>","","","","null","","","","","","","","","","","","","","","","","","","","","","","","","",""
"4028.7000000001863","","shortestpath_phase","1472393","","GW/globe.jpg","","","","49","GW/dustpan.jpg","GW/hat.jpg","1","0.7575757575757576","","","","GW/dustpan.jpg","","","","One Edge Diff","Four Edge Five Edge","","","","","","","","","","","","",""
"null","","html-keyboard-response","1473398","","<p></p>","","","","null","","","","","","","","","","","","","","","","","","","","","","","","","",""
"4215.800000000047","","shortestpath_phase","1477616","","GW/wheelchair.jpg","","","","49","GW/jukebox.jpg","GW/soldier.jpg","0","0.7352941176470589","","","","GW/soldier.jpg","","","","Four Edge Diff","Two Edge Six Edge","","","","","","","","","","","","",""
"null","","html-keyboard-response","1478621","","<p></p>","","","","null","","","","","","","","","","","","","","","","","","","","","","","","","",""
"2804.2000000001863","","shortestpath_phase","1481427","","GW/basket.jpg","","","","50","GW/camera.jpg","GW/paint.jpg","1","0.7428571428571429","","","","GW/paint.jpg","","","","Two Edge Diff","Two Edge Four Edge","","","","","","","","","","","","",""
"null","","html-keyboard-response","1482431","","<p></p>","","","","null","","","","","","","","","","","","","","","","","","","","","","","","","",""
"2109.600000000093","","shortestpath_phase","1484543","","GW/wheelchair.jpg","","","","49","GW/gong.jpg","GW/hat.jpg","1","0.75","","","","GW/gong.jpg","","","","Four Edge Diff","Two Edge Six Edge","","","","","","","","","","","","",""
"null","","html-keyboard-response","1485548","","<p></p>","","","","null","","","","","","","","","","","","","","","","","","","","","","","","","",""
"4879.100000000093","","shortestpath_phase","1490430","","GW/camera.jpg","","","","49","GW/teeth.jpg","GW/barrel.jpg","1","0.7567567567567568","","","","GW/teeth.jpg","","","","Two Edge Diff","Two Edge Four Edge","","","","","","","","","","","","",""
"null","","html-keyboard-response","1491435","","<p></p>","","","","null","","","","","","","","","","","","","","","","","","","","","","","","","",""
"1095.8000000000466","","shortestpath_phase","1492533","","GW/gong.jpg","","","","49","GW/wheelchair.jpg","GW/globe.jpg","1","0.7631578947368421","","","","GW/wheelchair.jpg","","","","One Edge Diff","Two Edge Three Edge","","","","","","","","","","","","",""
"null","","html-keyboard-response","1493538","","<p></p>","","","","null","","","","","","","","","","","","","","","","","","","","","","","","","",""
"2003.3999999999069","","shortestpath_phase","1495544","","GW/jukebox.jpg","","","","49","GW/barrel.jpg","GW/globe.jpg","1","0.7692307692307693","","","","GW/barrel.jpg","","","","Four Edge Diff","Two Edge Six Edge","","","","","","","","","","","","",""
"null","","html-keyboard-response","1496548","","<p></p>","","","","null","","","","","","","","","","","","","","","","","","","","","","","","","",""
"2327","","shortestpath_phase","1498878","","GW/soldier.jpg","","","","50","GW/wheelchair.jpg","GW/dustpan.jpg","0","0.75","","","","GW/wheelchair.jpg","","","","One Edge Diff","Two Edge Three Edge","","","","","","","","","","","","",""
"null","","html-keyboard-response","1499882","","<p></p>","","","","null","","","","","","","","","","","","","","","","","","","","","","","","","",""
"4202.800000000047","","shortestpath_phase","1504087","","GW/camera.jpg","","","","50","GW/paint.jpg","GW/jukebox.jpg","0","0.7317073170731707","","","","GW/paint.jpg","","","","Two Edge Diff","Three Edge Five Edge","","","","","","","","","","","","",""
"null","","html-keyboard-response","1505092","","<p></p>","","","","null","","","","","","","","","","","","","","","","","","","","","","","","","",""
"4005.9000000001397","","shortestpath_phase","1509100","","GW/wheelchair.jpg","","","","50","GW/barrel.jpg","GW/globe.jpg","1","0.7380952380952381","","","","GW/globe.jpg","","","","Two Edge Diff","Three Edge Five Edge","","","","","","","","","","","","",""
"null","","html-keyboard-response","1510103","","<p></p>","","","","null","","","","","","","","","","","","","","","","","","","","","","","","","",""
"4120","","shortestpath_phase","1514225","","GW/dustpan.jpg","","","","49","GW/soldier.jpg","GW/wheelchair.jpg","1","0.7441860465116279","","","","GW/soldier.jpg","","","","One Edge Diff","Three Edge Four Edge","","","","","","","","","","","","",""
"null","","html-keyboard-response","1515229","","<p></p>","","","","null","","","","","","","","","","","","","","","","","","","","","","","","","",""
"4542.600000000093","","shortestpath_phase","1519774","","GW/wheelchair.jpg","","","","50","GW/jukebox.jpg","GW/barrel.jpg","1","0.75","","","","GW/barrel.jpg","","","","One Edge Diff","Five Edge Six Edge","","","","","","","","","","","","",""
"null","","html-keyboard-response","1520779","","<p></p>","","","","null","","","","","","","","","","","","","","","","","","","","","","","","","",""
"4701.300000000047","","shortestpath_phase","1525483","","GW/globe.jpg","","","","49","GW/gong.jpg","GW/barrel.jpg","1","0.7555555555555555","","","","GW/gong.jpg","","","","One Edge Diff","Three Edge Four Edge","","","","","","","","","","","","",""
"null","","html-keyboard-response","1526488","","<p></p>","","","","null","","","","","","","","","","","","","","","","","","","","","","","","","",""
"5434.100000000093","","shortestpath_phase","1531925","","GW/wheelchair.jpg","","","","50","GW/globe.jpg","GW/soldier.jpg","1","0.7608695652173914","","","","GW/soldier.jpg","","","","One Edge Diff","Two Edge Three Edge","","","","","","","","","","","","",""
"null","","html-keyboard-response","1532931","","<p></p>","","","","null","","","","","","","","","","","","","","","","","","","","","","","","","",""
"1902.1999999999534","","shortestpath_phase","1534835","","GW/jukebox.jpg","","","","49","GW/dustpan.jpg","GW/snail.jpg","1","0.7659574468085106","","","","GW/dustpan.jpg","","","","Two Edge Diff","Two Edge Four Edge","","","","","","","","","","","","",""
"null","","html-keyboard-response","1535840","","<p></p>","","","","null","","","","","","","","","","","","","","","","","","","","","","","","","",""
"2101","","shortestpath_phase","1537944","","GW/camera.jpg","","","","49","GW/snail.jpg","GW/hat.jpg","1","0.7708333333333334","","","","GW/snail.jpg","","","","Three Edge Diff","Two Edge Five Edge","","","","","","","","","","","","",""
"null","","html-keyboard-response","1538949","","<p></p>","","","","null","","","","","","","","","","","","","","","","","","","","","","","","","",""
"2572.1999999999534","","shortestpath_phase","1541524","","GW/barrel.jpg","","","","50","GW/wheelchair.jpg","GW/jukebox.jpg","1","0.7755102040816326","","","","GW/jukebox.jpg","","","","Three Edge Diff","Three Edge Six Edge","","","","","","","","","","","","",""
"null","","html-keyboard-response","1542529","","<p></p>","","","","null","","","","","","","","","","","","","","","","","","","","","","","","","",""
"3396","","shortestpath_phase","1545928","","GW/dustpan.jpg","","","","50","GW/globe.jpg","GW/snail.jpg","1","0.78","","","","GW/snail.jpg","","","","Two Edge Diff","Two Edge Four Edge","","","","","","","","","","","","",""
"null","","html-keyboard-response","1546933","","<p></p>","","","","null","","","","","","","","","","","","","","","","","","","","","","","","","",""
"5120","","shortestpath_phase","1552055","","GW/camera.jpg","","","","49","GW/teeth.jpg","GW/hat.jpg","1","0.7843137254901961","","","","GW/teeth.jpg","","","","Three Edge Diff","Two Edge Five Edge","","","","","","","","","","","","",""
"null","","html-keyboard-response","1553061","","<p></p>","","","","null","","","","","","","","","","","","","","","","","","","","","","","","","",""
"4388.5","","shortestpath_phase","1557452","","GW/jukebox.jpg","","","","50","GW/dustpan.jpg","GW/camera.jpg","0","0.7692307692307693","","","","GW/dustpan.jpg","","","","Three Edge Diff","Three Edge Six Edge","","","","","","","","","","","","",""
"null","","html-keyboard-response","1558456","","<p></p>","","","","null","","","","","","","","","","","","","","","","","","","","","","","","","",""
"4513.899999999907","","shortestpath_phase","1562972","","GW/globe.jpg","","","","50","GW/jukebox.jpg","GW/snail.jpg","1","0.7735849056603774","","","","GW/snail.jpg","","","","Four Edge Diff","Two Edge Six Edge","","","","","","","","","","","","",""
"null","","html-keyboard-response","1563977","","<p></p>","","","","null","","","","","","","","","","","","","","","","","","","","","","","","","",""
"3530.8000000000466","","shortestpath_phase","1567511","","GW/camera.jpg","","","","49","GW/jukebox.jpg","GW/dustpan.jpg","0","0.7592592592592593","","","","GW/dustpan.jpg","","","","Two Edge Diff","Three Edge Five Edge","","","","","","","","","","","","",""
"null","","html-keyboard-response","1568514","","<p></p>","","","","null","","","","","","","","","","","","","","","","","","","","","","","","","",""
"1555.3000000000466","","shortestpath_phase","1570072","","GW/globe.jpg","","","","50","GW/hat.jpg","GW/snail.jpg","1","0.7636363636363637","","","","GW/snail.jpg","","","","Three Edge Diff","Two Edge Five Edge","","","","","","","","","","","","",""
"null","","html-keyboard-response","1571078","","<p></p>","","","","null","","","","","","","","","","","","","","","","","","","","","","","","","",""
"5267.09999999986","","shortestpath_phase","1576347","","GW/hat.jpg","","","","49","GW/soldier.jpg","GW/wheelchair.jpg","1","0.7678571428571429","","","","GW/soldier.jpg","","","","Two Edge Diff","Four Edge Six Edge","","","","","","","","","","","","",""
"null","","html-keyboard-response","1577352","","<p></p>","","","","null","","","","","","","","","","","","","","","","","","","","","","","","","",""
"null","","shortestpath_phase","1584856","","GW/globe.jpg","","","","null","GW/barrel.jpg","GW/basket.jpg","0","0.7543859649122807","","","","GW/barrel.jpg","","","","One Edge Diff","Four Edge Five Edge","","","","","","","","","","","","",""
"null","","html-keyboard-response","1585862","","<p></p>","","","","null","","","","","","","","","","","","","","","","","","","","","","","","","",""
"1850.6999999999534","","shortestpath_phase","1587715","","GW/hat.jpg","","","","50","GW/wheelchair.jpg","GW/basket.jpg","1","0.7586206896551724","","","","GW/basket.jpg","","","","Four Edge Diff","Two Edge Six Edge","","","","","","","","","","","","",""
"null","","html-keyboard-response","1588720","","<p></p>","","","","null","","","","","","","","","","","","","","","","","","","","","","","","","",""
"5361.699999999953","","shortestpath_phase","1594085","","GW/jukebox.jpg","","","","50","GW/soldier.jpg","GW/teeth.jpg","1","0.7627118644067796","","","","GW/teeth.jpg","","","","Two Edge Diff","Three Edge Five Edge","","","","","","","","","","","","",""
"null","","html-keyboard-response","1595090","","<p></p>","","","","null","","","","","","","","","","","","","","","","","","","","","","","","","",""
"7498.600000000093","","shortestpath_phase","1602591","","GW/basket.jpg","","","","50","GW/globe.jpg","GW/hat.jpg","1","0.7666666666666667","","","","GW/hat.jpg","","","","Three Edge Diff","Three Edge Six Edge","","","","","","","","","","","","",""
"null","","html-keyboard-response","1603597","","<p></p>","","","","null","","","","","","","","","","","","","","","","","","","","","","","","","",""
"2096.5","","shortestpath_phase","1605696","","GW/wheelchair.jpg","","","","49","GW/soldier.jpg","GW/barrel.jpg","1","0.7704918032786885","","","","GW/soldier.jpg","","","","Three Edge Diff","Three Edge Six Edge","","","","","","","","","","","","",""
"null","","html-keyboard-response","1606701","","<p></p>","","","","null","","","","","","","","","","","","","","","","","","","","","","","","","",""
"4818.800000000047","","shortestpath_phase","1611523","","GW/hat.jpg","","","","50","GW/gong.jpg","GW/wheelchair.jpg","0","0.7580645161290323","","","","GW/gong.jpg","","","","Two Edge Diff","Four Edge Six Edge","","","","","","","","","","","","",""
"null","","html-keyboard-response","1612528","","<p></p>","","","","null","","","","","","","","","","","","","","","","","","","","","","","","","",""
"3312.2000000001863","","shortestpath_phase","1615843","","GW/soldier.jpg","","","","49","GW/paint.jpg","GW/jukebox.jpg","1","0.7619047619047619","","","","GW/paint.jpg","","","","Three Edge Diff","Two Edge Five Edge","","","","","","","","","","","","",""
"null","","html-keyboard-response","1616847","","<p></p>","","","","null","","","","","","","","","","","","","","","","","","","","","","","","","",""
"4274.199999999953","","shortestpath_phase","1621124","","GW/basket.jpg","","","","49","GW/teeth.jpg","GW/globe.jpg","1","0.765625","","","","GW/teeth.jpg","","","","Three Edge Diff","Three Edge Six Edge","","","","","","","","","","","","",""
"null","","html-keyboard-response","1622129","","<p></p>","","","","null","","","","","","","","","","","","","","","","","","","","","","","","","",""
"3678.399999999907","","shortestpath_phase","1625810","","GW/wheelchair.jpg","","","","49","GW/hat.jpg","GW/soldier.jpg","0","0.7538461538461538","","","","GW/soldier.jpg","","","","Four Edge Diff","Two Edge Six Edge","","","","","","","","","","","","",""
"null","","html-keyboard-response","1626815","","<p></p>","","","","null","","","","","","","","","","","","","","","","","","","","","","","","","",""
"3333.3000000000466","","shortestpath_phase","1630151","","GW/dustpan.jpg","","","","49","GW/hat.jpg","GW/soldier.jpg","1","0.7575757575757576","","","","GW/hat.jpg","","","","One Edge Diff","Two Edge Three Edge","","","","","","","","","","","","",""
"null","","html-keyboard-response","1631156","","<p></p>","","","","null","","","","","","","","","","","","","","","","","","","","","","","","","",""
"6118.100000000093","","shortestpath_phase","1637277","","GW/jukebox.jpg","","","","49","GW/snail.jpg","GW/globe.jpg","1","0.7611940298507462","","","","GW/snail.jpg","","","","Two Edge Diff","Four Edge Six Edge","","","","","","","","","","","","",""
"null","","html-keyboard-response","1638282","","<p></p>","","","","null","","","","","","","","","","","","","","","","","","","","","","","","","",""
"3518.3000000000466","","shortestpath_phase","1641802","","GW/gong.jpg","","","","49","GW/dustpan.jpg","GW/hat.jpg","1","0.7647058823529411","","","","GW/dustpan.jpg","","","","Two Edge Diff","Two Edge Four Edge","","","","","","","","","","","","",""
"null","","html-keyboard-response","1642807","","<p></p>","","","","null","","","","","","","","","","","","","","","","","","","","","","","","","",""
"5021.59999999986","","shortestpath_phase","1647831","","GW/globe.jpg","","","","49","GW/barrel.jpg","GW/jukebox.jpg","1","0.7681159420289855","","","","GW/barrel.jpg","","","","Two Edge Diff","Four Edge Six Edge","","","","","","","","","","","","",""
"null","","html-keyboard-response","1648835","","<p></p>","","","","null","","","","","","","","","","","","","","","","","","","","","","","","","",""
"2307.7000000001863","","shortestpath_phase","1651145","","GW/basket.jpg","","","","49","GW/hat.jpg","GW/wheelchair.jpg","1","0.7714285714285715","","","","GW/hat.jpg","","","","Three Edge Diff","Two Edge Five Edge","","","","","","","","","","","","",""
"null","","html-keyboard-response","1652151","","<p></p>","","","","null","","","","","","","","","","","","","","","","","","","","","","","","","",""
"2089.600000000093","","shortestpath_phase","1654243","","GW/globe.jpg","","","","50","GW/jukebox.jpg","GW/camera.jpg","1","0.7746478873239436","","","","GW/camera.jpg","","","","Four Edge Diff","Two Edge Six Edge","","","","","","","","","","","","",""
"null","","html-keyboard-response","1655248","","<p></p>","","","","null","","","","","","","","","","","","","","","","","","","","","","","","","",""
"2802.4000000001397","","shortestpath_phase","1658053","","GW/hat.jpg","","","","50","GW/wheelchair.jpg","GW/dustpan.jpg","1","0.7777777777777778","","","","GW/dustpan.jpg","","","","Four Edge Diff","Two Edge Six Edge","","","","","","","","","","","","",""
"null","","html-keyboard-response","1659058","","<p></p>","","","","null","","","","","","","","","","","","","","","","","","","","","","","","","",""
"4183.09999999986","","shortestpath_phase","1663244","","GW/jukebox.jpg","","","","50","GW/wheelchair.jpg","GW/gong.jpg","1","0.7808219178082192","","","","GW/gong.jpg","","","","Two Edge Diff","Four Edge Six Edge","","","","","","","","","","","","",""
"null","","html-keyboard-response","1664248","","<p></p>","","","","null","","","","","","","","","","","","","","","","","","","","","","","","","",""
"4592.800000000047","","shortestpath_phase","1668844","","GW/soldier.jpg","","","","50","GW/teeth.jpg","GW/jukebox.jpg","0","0.7702702702702703","","","","GW/teeth.jpg","","","","Three Edge Diff","Two Edge Five Edge","","","","","","","","","","","","",""
"null","","html-keyboard-response","1669849","","<p></p>","","","","null","","","","","","","","","","","","","","","","","","","","","","","","","",""
"3486.600000000093","","shortestpath_phase","1673338","","GW/hat.jpg","","","","50","GW/wheelchair.jpg","GW/paint.jpg","1","0.7733333333333333","","","","GW/paint.jpg","","","","Four Edge Diff","Two Edge Six Edge","","","","","","","","","","","","",""
"null","","html-keyboard-response","1674343","","<p></p>","","","","null","","","","","","","","","","","","","","","","","","","","","","","","","",""
"3333.6999999999534","","shortestpath_phase","1677679","","GW/dustpan.jpg","","","","50","GW/wheelchair.jpg","GW/camera.jpg","1","0.7763157894736842","","","","GW/camera.jpg","","","","One Edge Diff","Three Edge Four Edge","","","","","","","","","","","","",""
"null","","html-keyboard-response","1678684","","<p></p>","","","","null","","","","","","","","","","","","","","","","","","","","","","","","","",""
"4031.600000000093","","shortestpath_phase","1682719","","GW/wheelchair.jpg","","","","50","GW/jukebox.jpg","GW/gong.jpg","1","0.7792207792207793","","","","GW/gong.jpg","","","","Four Edge Diff","Two Edge Six Edge","","","","","","","","","","","","",""
"null","","html-keyboard-response","1683724","","<p></p>","","","","null","","","","","","","","","","","","","","","","","","","","","","","","","",""
"3151.100000000093","","shortestpath_phase","1686878","","GW/jukebox.jpg","","","","50","GW/soldier.jpg","GW/barrel.jpg","1","0.782051282051282","","","","GW/barrel.jpg","","","","Three Edge Diff","Three Edge Six Edge","","","","","","","","","","","","",""
"null","","html-keyboard-response","1687883","","<p></p>","","","","null","","","","","","","","","","","","","","","","","","","","","","","","","",""
"4490.90000000014","","shortestpath_phase","1692377","","GW/hat.jpg","","","","50","GW/camera.jpg","GW/snail.jpg","1","0.7848101265822784","","","","GW/snail.jpg","","","","Two Edge Diff","Three Edge Five Edge","","","","","","","","","","","","",""
"null","","html-keyboard-response","1693381","","<p></p>","","","","null","","","","","","","","","","","","","","","","","","","","","","","","","",""
"4581.09999999986","","shortestpath_phase","1697965","","GW/jukebox.jpg","","","","50","GW/camera.jpg","GW/paint.jpg","1","0.7875","","","","GW/paint.jpg","","","","Two Edge Diff","Three Edge Five Edge","","","","","","","","","","","","",""
"null","","html-keyboard-response","1698970","","<p></p>","","","","null","","","","","","","","","","","","","","","","","","","","","","","","","",""
"2841.1999999999534","","shortestpath_phase","1701814","","GW/hat.jpg","","","","50","GW/soldier.jpg","GW/basket.jpg","1","0.7901234567901234","","","","GW/basket.jpg","","","","Two Edge Diff","Two Edge Four Edge","","","","","","","","","","","","",""
"null","","html-keyboard-response","1702819","","<p></p>","","","","null","","","","","","","","","","","","","","","","","","","","","","","","","",""
"2390.399999999907","","shortestpath_phase","1705212","","GW/jukebox.jpg","","","","49","GW/soldier.jpg","GW/paint.jpg","0","0.7804878048780488","","","","GW/paint.jpg","","","","Two Edge Diff","Three Edge Five Edge","","","","","","","","","","","","",""
"null","","html-keyboard-response","1706218","","<p></p>","","","","null","","","","","","","","","","","","","","","","","","","","","","","","","",""
"4843","","shortestpath_phase","1711064","","GW/globe.jpg","","","","49","GW/snail.jpg","GW/hat.jpg","1","0.7831325301204819","","","","GW/snail.jpg","","","","Three Edge Diff","Three Edge Six Edge","","","","","","","","","","","","",""
"null","","html-keyboard-response","1712068","","<p></p>","","","","null","","","","","","","","","","","","","","","","","","","","","","","","","",""
"2784","","shortestpath_phase","1714855","","GW/barrel.jpg","","","","50","GW/wheelchair.jpg","GW/jukebox.jpg","1","0.7857142857142857","","","","GW/jukebox.jpg","","","","Three Edge Diff","Two Edge Five Edge","","","","","","","","","","","","",""
"null","","html-keyboard-response","1715860","","<p></p>","","","","null","","","","","","","","","","","","","","","","","","","","","","","","","",""
"4757.5","","intro_1","1720620","","instruct","","0","","","","","","","","","","","","","","","","","","","","","","","","","","","",""
"3726","","intro_2","1724350","","instruct","","1","Next","","","","","","","","","","","","","","","","","","","","","","","","","","",""
"6299.59999999986","","intro_3","1730654","","instruct","","1","Next","","","","","","","","","","","","","","","","","","","","","","","","","","",""
"2182.100000000093","","intro_4","1732839","","instruct","","1","Next","","","","","","","","","","","","","","","","","","","","","","","","","","",""
"4995.100000000093","","intro_5","1737838","","instruct","","1","Next","","","","","","","","","","","","","","","","","","","","","","","","","","",""
"6405.800000000047","","intro_6","1744247","","instruct","","1","Next","","","","","","","","","","","","","","","","","","","","","","","","","","",""
"","","Goal Directed Planning","1850115","","GDP-0","","","","","","","","","","","","","","","","","","teeth","hat","","undefinedimgRdrag07:[x1:1074 x2:912 y1:210 y2:218]drag07drag08:[x1:912 x2:647 y1:218 y2:200]drag08drag09:[x1:648 x2:355 y1:200 y2:234]drag09imgL:[x1:355 x2:74 y1:234 y2:210]","undefinedimgLdrag12:[x1:74 x2:336 y1:210 y2:219]drag12drag04:[x1:336 x2:559 y1:219 y2:241.2109375]drag05drag04:[x1:815 x2:558 y1:209 y2:241]drag05imgR:[x1:814 x2:1074 y1:209 y2:210]","true","","","","","","",""
"","","Goal Directed Planning","1923230","","GDP-1","","","","","","","","","","","","","","","","","","barrel","gong","","undefinedimgLdrag06:[x1:74 x2:325 y1:210 y2:192]drag06drag03:[x1:219 x2:432 y1:199 y2:192.0078125]drag03drag02:[x1:432 x2:677 y1:192.0078125 y2:180.0078125]drag02drag04:[x1:674 x2:869 y1:180 y2:182]drag04imgR:[x1:869 x2:1074 y1:182 y2:210]","","false","","","","","","",""
"","","Goal Directed Planning","1945452","","GDP-2","","","","","","","","","","","","","","","","","","soldier","dustpan","","undefinedimgLdrag03:[x1:74 x2:351 y1:210 y2:210]drag03drag06:[x1:351 x2:711 y1:210 y2:191]drag06imgR:[x1:711 x2:1074 y1:191 y2:210]","","false","","","","","","",""
"","","Goal Directed Planning","2065178","","GDP-3","","","","","","","","","","","","","","","","","","soldier","jukebox","","undefinedimgLdrag03:[x1:74 x2:238 y1:210 y2:215]drag03drag06:[x1:238 x2:385 y1:215 y2:245]drag06drag09:[x1:385 x2:545 y1:245 y2:219]drag09drag08:[x1:545 x2:792 y1:219 y2:193.0078125]drag08imgR:[x1:792 x2:1074 y1:193.0078125 y2:210]","undefinedimgLdrag04:[x1:74 x2:321 y1:210 y2:215]drag04drag12:[x1:321 x2:622 y1:215 y2:195]drag12drag11:[x1:399 x2:563 y1:218 y2:196]drag11drag09:[x1:563 x2:742 y1:196 y2:190]drag09drag08:[x1:742 x2:899 y1:190 y2:204]drag08imgR:[x1:899 x2:1074 y1:204 y2:210]","true","","","","","","",""
"","","Goal Directed Planning","2079975","","GDP-4","","","","","","","","","","","","","","","","","","basket","gong","","undefinedimgLdrag09:[x1:74 x2:425 y1:210 y2:232]drag09drag11:[x1:425 x2:792 y1:232 y2:221.0078125]drag11imgR:[x1:792 x2:1074 y1:221.0078125 y2:210]","","false","","","","","","",""
"","","Goal Directed Planning","2089700","","GDP-5","","","","","","","","","","","","","","","","","","soldier","wheelchair","","undefinedimgLdrag04:[x1:74 x2:557 y1:210 y2:237]drag04imgR:[x1:557 x2:1074 y1:237 y2:210]","","false","","","","","","",""
"","","Goal Directed Planning","2098558","","GDP-6","","","","","","","","","","","","","","","","","","basket","hat","","undefinedimgLdrag07:[x1:74 x2:555 y1:210 y2:220]drag07imgR:[x1:555 x2:1074 y1:220 y2:210]","","false","","","","","","",""
"","","Goal Directed Planning","2137786","","GDP-7","","","","","","","","","","","","","","","","","","globe","jukebox","","undefinedimgLdrag02:[x1:74 x2:326 y1:210 y2:211]drag08imgR:[x1:862 x2:1074 y1:214.0078125 y2:210]drag02drag03:[x1:262 x2:431 y1:205 y2:212]drag03drag06:[x1:431 x2:600 y1:212 y2:201]drag06drag09:[x1:600 x2:735 y1:201 y2:220]drag09drag08:[x1:735 x2:862 y1:220 y2:214]","","false","","","","","","",""
"","","Goal Directed Planning","2171464","","GDP-8","","","","","","","","","","","","","","","","","","wheelchair","basket","","undefinedimgLdrag04:[x1:74 x2:321 y1:210 y2:232]drag04drag12:[x1:319 x2:575 y1:232 y2:226]drag12drag11:[x1:575 x2:751 y1:226 y2:236]drag11drag09:[x1:751 x2:933 y1:236 y2:193]drag09imgR:[x1:933 x2:1074 y1:193 y2:210]","","false","","","","","","",""
"","","Goal Directed Planning","2245379","","GDP-9","","","","","","","","","","","","","","","","","","jukebox","hat","","undefinedimgLdrag08:[x1:74 x2:319 y1:210 y2:209.0078125]drag08drag07:[x1:319 x2:650 y1:209.0078125 y2:299]drag07imgR:[x1:650 x2:1074 y1:299 y2:210]","undefinedimgLdrag08:[x1:74 x2:191 y1:210 y2:211]drag08drag09:[x1:191 x2:321 y1:211 y2:204]drag09drag06:[x1:321 x2:454 y1:204 y2:207]drag06drag03:[x1:454 x2:583 y1:207 y2:212]drag03drag02:[x1:583 x2:702 y1:212 y2:209]drag02drag04:[x1:702 x2:838 y1:209 y2:208]drag04drag05:[x1:838 x2:970 y1:208 y2:210]drag05imgR:[x1:970 x2:1074 y1:210 y2:210]","true","","","","","","",""
"","","Goal Directed Planning","2274253","","GDP-10","","","","","","","","","","","","","","","","","","camera","basket","","undefinedimgLdrag12:[x1:74 x2:348 y1:210 y2:179]drag12drag11:[x1:347 x2:566 y1:178 y2:212]drag11drag09:[x1:566 x2:785 y1:212 y2:195]drag09imgR:[x1:785 x2:1074 y1:195 y2:210]","","false","","","","","","",""
"","","Goal Directed Planning","2304335","","GDP-11","","","","","","","","","","","","","","","","","","camera","jukebox","","undefinedimgLdrag12:[x1:74 x2:263 y1:210 y2:193.0078125]drag12drag11:[x1:263 x2:462 y1:193.0078125 y2:222]drag11drag09:[x1:462 x2:667 y1:222 y2:188.0078125]drag09drag08:[x1:667 x2:838 y1:188.0078125 y2:202]drag08imgR:[x1:838 x2:1074 y1:202 y2:210]","","false","","","","","","",""
"","","Goal Directed Planning","2317808","","GDP-12","","","","","","","","","","","","","","","","","","camera","paint","","undefinedimgLdrag02:[x1:74 x2:388 y1:210 y2:204.0078125]drag02drag03:[x1:388 x2:689 y1:204.0078125 y2:195.0078125]drag03imgR:[x1:689 x2:1074 y1:195.0078125 y2:210]","","false","","","","","","",""
"","","Goal Directed Planning","2400480","","GDP-13","","","","","","","","","","","","","","","","","","globe","hat","","undefinedimgLdrag02:[x1:74 x2:335 y1:210 y2:199]drag02drag03:[x1:335 x2:530 y1:199 y2:237]drag03drag06:[x1:530 x2:709 y1:237 y2:185.0078125]drag06drag07:[x1:709 x2:870 y1:185.0078125 y2:202]drag07imgR:[x1:870 x2:1074 y1:202 y2:210]","undefinedimgLdrag08:[x1:74 x2:433 y1:210 y2:248.0078125]drag08drag07:[x1:433 x2:865 y1:248.0078125 y2:203]drag07imgR:[x1:865 x2:1074 y1:203 y2:210]","true","","","","","","",""
"","","Goal Directed Planning","2421453","","GDP-14","","","","","","","","","","","","","","","","","","wheelchair","dustpan","","undefinedimgLdrag04:[x1:74 x2:311 y1:210 y2:234]drag04drag12:[x1:311 x2:516 y1:234 y2:238.0078125]drag12drag11:[x1:516 x2:780 y1:238.0078125 y2:242]drag11imgR:[x1:779 x2:1074 y1:242 y2:210]","","false","","","","","","",""
"","","Goal Directed Planning","2432300","","GDP-15","","","","","","","","","","","","","","","","","","jukebox","teeth","","undefinedimgLdrag08:[x1:74 x2:362 y1:210 y2:187]drag08drag09:[x1:362 x2:659 y1:187 y2:232]drag09imgR:[x1:659 x2:1074 y1:232 y2:210]","","false","","","","","","",""
"","","Goal Directed Planning","2503077","","GDP-16","","","","","","","","","","","","","","","","","","soldier","hat","","undefinedimgLdrag03:[x1:74 x2:267 y1:210 y2:221]drag03drag06:[x1:267 x2:504 y1:221 y2:240.0078125]drag06drag07:[x1:504 x2:876 y1:240.0078125 y2:242]drag07imgR:[x1:876 x2:1074 y1:242 y2:210]","undefinedimgLdrag04:[x1:74 x2:189 y1:210 y2:259]drag04drag12:[x1:189 x2:380 y1:259 y2:243]drag12drag11:[x1:380 x2:484 y1:243 y2:217.0078125]drag11drag09:[x1:484 x2:651 y1:217.0078125 y2:217]drag09drag08:[x1:651 x2:783 y1:217 y2:210]drag08drag07:[x1:783 x2:923 y1:210 y2:205]drag07imgR:[x1:923 x2:1074 y1:205 y2:210]","true","","","","","","",""
"","","Goal Directed Planning","2511903","","GDP-17","","","","","","","","","","","","","","","","","","paint","hat","","undefinedimgLdrag07:[x1:74 x2:572 y1:210 y2:203.0078125]drag07imgR:[x1:572 x2:1074 y1:203.0078125 y2:210]","","false","","","","","","",""
"","","Goal Directed Planning","2552165","","GDP-18","","","","","","","","","","","","","","","","","","wheelchair","barrel","","undefinedimgLdrag04:[x1:74 x2:316 y1:210 y2:223.0078125]drag02drag04:[x1:523 x2:314 y1:236 y2:223]drag02drag03:[x1:523 x2:691 y1:236 y2:225]drag03drag06:[x1:691 x2:878 y1:225 y2:222]drag06imgR:[x1:878 x2:1074 y1:222 y2:210]","undefinedimgLdrag04:[x1:74 x2:259 y1:210 y2:239]drag04drag12:[x1:259 x2:431 y1:239 y2:254]drag12drag11:[x1:431 x2:590 y1:254 y2:255]drag11drag09:[x1:590 x2:743 y1:255 y2:229]drag09drag06:[x1:743 x2:944 y1:229 y2:228]drag06imgR:[x1:944 x2:1074 y1:228 y2:210]","true","","","","","","",""
"","","Goal Directed Planning","2561328","","GDP-19","","","","","","","","","","","","","","","","","","dustpan","hat","","undefinedimgLdrag06:[x1:74 x2:407 y1:210 y2:188]drag06drag07:[x1:407 x2:742 y1:188 y2:198]drag07imgR:[x1:742 x2:1074 y1:198 y2:210]","","false","","","","","","",""
"","","Goal Directed Planning","2589518","","GDP-20","","","","","","","","","","","","","","","","","","snail","jukebox","","undefinedimgLdrag06:[x1:74 x2:330 y1:210 y2:231.0078125]drag06drag09:[x1:330 x2:576 y1:231.0078125 y2:280.0078125]drag09drag08:[x1:576 x2:839 y1:280.0078125 y2:235.0078125]drag08imgR:[x1:839 x2:1074 y1:235.0078125 y2:210]","undefinedimgLdrag06:[x1:74 x2:380 y1:210 y2:214]drag06drag07:[x1:380 x2:657 y1:214 y2:201]drag07drag08:[x1:657 x2:863 y1:201 y2:260]drag08imgR:[x1:863 x2:1074 y1:260 y2:210]","true","","","","","","",""
"","","Goal Directed Planning","2600448","","GDP-21","","","","","","","","","","","","","","","","","","camera","teeth","","undefinedimgLdrag12:[x1:74 x2:565 y1:210 y2:211]drag12imgR:[x1:565 x2:1074 y1:211 y2:210]","","false","","","","","","",""
"","","Goal Directed Planning","2612285","","GDP-22","","","","","","","","","","","","","","","","","","globe","barrel","","undefinedimgLdrag02:[x1:74 x2:300 y1:210 y2:231]drag02drag03:[x1:300 x2:600 y1:231 y2:230]drag03drag06:[x1:600 x2:767 y1:230 y2:211]drag06imgR:[x1:767 x2:1074 y1:211 y2:210]","","false","","","","","","",""
"","","Goal Directed Planning","2621864","","GDP-23","","","","","","","","","","","","","","","","","","globe","snail","","undefinedimgLdrag02:[x1:74 x2:425 y1:210 y2:235]drag02imgR:[x1:425 x2:1074 y1:235 y2:210]","","false","","","","","","",""
"","","Goal Directed Planning","2631255","","GDP-24","","","","","","","","","","","","","","","","","","dustpan","jukebox","","undefinedimgLdrag08:[x1:74 x2:553 y1:210 y2:184]drag08imgR:[x1:553 x2:1074 y1:184 y2:210]","","false","","","","","","",""
"","","Goal Directed Planning","2652959","","GDP-25","","","","","","","","","","","","","","","","","","snail","gong","","undefinedimgLdrag06:[x1:74 x2:311 y1:210 y2:216]drag06drag09:[x1:311 x2:550 y1:216 y2:217.0078125]drag09drag11:[x1:550 x2:806 y1:217.0078125 y2:194.0078125]drag11imgR:[x1:806 x2:1074 y1:194.0078125 y2:210]","","false","","","","","","",""
"","","Goal Directed Planning","2750863","","GDP-26","","","","","","","","","","","","","","","","","","gong","hat","","undefinedimgLdrag11:[x1:74 x2:237 y1:210 y2:189]drag11drag09:[x1:237 x2:413 y1:189 y2:227]drag09drag06:[x1:413 x2:655 y1:227 y2:183.0078125]drag06drag07:[x1:655 x2:829 y1:183.0078125 y2:208.0078125]drag07imgR:[x1:829 x2:1074 y1:208.0078125 y2:210]","undefinedimgLdrag04:[x1:74 x2:227 y1:210 y2:203.0078125]drag04drag02:[x1:227 x2:409 y1:203.0078125 y2:210]drag02drag03:[x1:409 x2:591 y1:210 y2:178]drag03drag06:[x1:591 x2:735 y1:178 y2:190]drag06drag07:[x1:735 x2:891 y1:190 y2:179]drag07imgR:[x1:891 x2:1074 y1:179 y2:210]","true","","","","","","",""
"","","Goal Directed Planning","2771321","","GDP-27","","","","","","","","","","","","","","","","","","paint","jukebox","","undefinedimgLdrag07:[x1:74 x2:486 y1:210 y2:99]drag07drag08:[x1:486 x2:720 y1:99 y2:186]drag08imgR:[x1:720 x2:1074 y1:186 y2:210]","undefinedimgLdrag09:[x1:74 x2:439 y1:210 y2:194]drag09drag08:[x1:439 x2:862 y1:194 y2:224]drag08imgR:[x1:862 x2:1074 y1:224 y2:210]","true","","","","","","",""
"","","Goal Directed Planning","2803974","","GDP-28","","","","","","","","","","","","","","","","","","wheelchair","jukebox","","undefinedimgLdrag04:[x1:74 x2:258 y1:210 y2:211]drag04drag12:[x1:258 x2:416 y1:211 y2:225]drag12drag11:[x1:416 x2:561 y1:225 y2:229]drag11drag09:[x1:561 x2:766 y1:229 y2:199.0078125]drag09drag08:[x1:766 x2:876 y1:199.0078125 y2:228.0078125]drag08imgR:[x1:876 x2:1074 y1:228 y2:210]","","false","","","","","","",""
"","","Goal Directed Planning","2828539","","GDP-29","","","","","","","","","","","","","","","","","","globe","wheelchair","","undefinedimgLdrag02:[x1:74 x2:399 y1:210 y2:198.0078125]drag02drag04:[x1:399 x2:804 y1:198.0078125 y2:219]drag04imgR:[x1:804 x2:1074 y1:219 y2:210]","","false","","","","","","",""
"","","Goal Directed Planning","2898822","","GDP-30","","","","","","","","","","","","","","","","","","globe","basket","","undefinedimgLdrag02:[x1:74 x2:338 y1:210 y2:193]drag04drag02:[x1:391 x2:231 y1:212 y2:194]drag04drag12:[x1:390 x2:636 y1:212 y2:195]drag12drag11:[x1:636 x2:803 y1:195 y2:180]drag11drag09:[x1:803 x2:911 y1:180 y2:212]drag09imgR:[x1:911 x2:1074 y1:212 y2:210]","undefinedimgLdrag13:[x1:74 x2:399 y1:210 y2:211]drag13drag07:[x1:399 x2:723 y1:211 y2:233]drag07imgR:[x1:723 x2:1074 y1:233 y2:210]","true","","","","","","",""
"","","Goal Directed Planning","2934185","","GDP-31","","","","","","","","","","","","","","","","","","wheelchair","hat","","undefinedimgLdrag04:[x1:74 x2:191 y1:210 y2:199]drag04drag12:[x1:191 x2:335 y1:199 y2:189]drag12drag11:[x1:335 x2:482 y1:189 y2:171]drag11drag09:[x1:482 x2:639 y1:171 y2:201]drag09drag08:[x1:639 x2:776 y1:201 y2:194]drag07drag08:[x1:897 x2:776 y1:217 y2:194]imgRdrag07:[x1:1074 x2:896 y1:210 y2:216]","","false","","","","","","",""
"","","Goal Directed Planning","2952361","","GDP-32","","","","","","","","","","","","","","","","","","soldier","teeth","","undefinedimgLdrag03:[x1:74 x2:317 y1:210 y2:228.0078125]drag06drag03:[x1:542 x2:316 y1:236 y2:228]drag06drag09:[x1:542 x2:758 y1:236 y2:244]drag09imgR:[x1:758 x2:1074 y1:244 y2:210]","","false","","","","","","",""
"12891.200000000186","","intro_1","2965257","","instruct","","0","","","","","","","","","","","","","","","","","","","","","","","","","","","",""
"28072","","intro_2","2993333","","instruct","","1","Next","","","","","","","","","","","","","","","","","","","","","","","","","","",""
"4281.700000000186","","intro_3","2997619","","instruct","","1","Next","","","","","","","","","","","","","","","","","","","","","","","","","","",""
"","","Graph Reconstruction","3239278","","","","","","","","","","","","","","","","","","","","","","","undefineddrag02drag01:[x1:440 x2:272 y1:81 y2:125]drag02drag03:[x1:440 x2:625 y1:81 y2:65]drag02drag04:[x1:440 x2:813 y1:81 y2:82]drag03drag06:[x1:625 x2:489 y1:65 y2:618]drag04drag12:[x1:813 x2:1008 y1:82 y2:473]drag04drag05:[x1:813 x2:135 y1:82 y2:256]drag08drag07:[x1:992 x2:850 y1:176 y2:546]drag08drag10:[x1:993 x2:1098 y1:176 y2:316]drag08drag09:[x1:993 x2:276 y1:176 y2:561]drag12drag11:[x1:1008 x2:690 y1:473 y2:628]drag07drag06:[x1:850 x2:488 y1:546 y2:618]drag07drag13:[x1:851 x2:124 y1:547 y2:420]drag09drag11:[x1:276 x2:690 y1:561 y2:628]drag09drag06:[x1:275 x2:488 y1:562 y2:618]","","","","","","","","",""
"","","survey","3239281","","survey-questions","","","","","","","","","","","","","","","","","","","","","","","","","0","","","","",""
